mcc	acc	f1	f1_weighted	precision	recall	auroc	tp	tn	fp	fn	name	variables	representation	fold	run
-0.010233533961798574	0.4982290436835891	0.45161290322580644	0.4971638217580033	0.46419098143236076	0.4396984924623116	0.5079853611039608	175	247	223	202	lightgbm	{'n_estimators': 309, 'class_weight': 'balanced', 'num_leaves': 590, 'max_depth': 4, 'subsample': 0.5473313947510049, 'colsample_bytree': 0.32137333894828407, 'min_split_gain': 8.796614380204727e-10, 'reg_alpha': 1.0777791301827249e-10, 'learning_rate': 1.5132569377804583e-07, 'verbose': -1, 'n_jobs': 10}	chemberta-2	0	1
-0.030192170974851423	0.4793388429752066	0.5148514851485149	0.4743173101328662	0.4588235294117647	0.5864661654135338	0.4866910580021483	234	172	165	276	lightgbm	{'n_estimators': 309, 'class_weight': 'balanced', 'num_leaves': 590, 'max_depth': 4, 'subsample': 0.5473313947510049, 'colsample_bytree': 0.32137333894828407, 'min_split_gain': 8.796614380204727e-10, 'reg_alpha': 1.0777791301827249e-10, 'learning_rate': 1.5132569377804583e-07, 'verbose': -1, 'n_jobs': 10}	chemberta-2	1	1
-0.03211646182673487	0.4887839433293979	0.42649006622516555	0.48593129507009863	0.45224719101123595	0.40350877192982454	0.47748836376655923	161	253	238	195	lightgbm	{'n_estimators': 309, 'class_weight': 'balanced', 'num_leaves': 590, 'max_depth': 4, 'subsample': 0.5473313947510049, 'colsample_bytree': 0.32137333894828407, 'min_split_gain': 8.796614380204727e-10, 'reg_alpha': 1.0777791301827249e-10, 'learning_rate': 1.5132569377804583e-07, 'verbose': -1, 'n_jobs': 10}	chemberta-2	2	1
-0.008209917026046407	0.49586776859504134	0.48116646415552855	0.4962897348533511	0.4669811320754717	0.49624060150375937	0.5026237468671679	198	222	201	226	lightgbm	{'n_estimators': 309, 'class_weight': 'balanced', 'num_leaves': 590, 'max_depth': 4, 'subsample': 0.5473313947510049, 'colsample_bytree': 0.32137333894828407, 'min_split_gain': 8.796614380204727e-10, 'reg_alpha': 1.0777791301827249e-10, 'learning_rate': 1.5132569377804583e-07, 'verbose': -1, 'n_jobs': 10}	chemberta-2	3	1
-0.051450149180192944	0.47044917257683216	0.4909090909090909	0.46833262930108127	0.44813278008298757	0.542713567839196	0.4811333452979182	216	182	182	266	lightgbm	{'n_estimators': 309, 'class_weight': 'balanced', 'num_leaves': 590, 'max_depth': 4, 'subsample': 0.5473313947510049, 'colsample_bytree': 0.32137333894828407, 'min_split_gain': 8.796614380204727e-10, 'reg_alpha': 1.0777791301827249e-10, 'learning_rate': 1.5132569377804583e-07, 'verbose': -1, 'n_jobs': 10}	chemberta-2	4	1
0.6425241911386048	0.8193624557260921	0.8172043010752689	0.8194657046650463	0.7790432801822323	0.8592964824120602	0.9017806180121095	342	352	56	97	rf	{'n_estimators': 201, 'max_depth': 36, 'min_samples_split': 6, 'min_samples_leaf': 14, 'max_features': 'sqrt', 'bootstrap': False, 'class_weight': 'balanced', 'ccp_alpha': 5.655296850883453e-06, 'n_jobs': 10}	ecfp-8-1024	0	2
0.6439727045869037	0.820543093270366	0.8177458033573142	0.8206601891271915	0.7839080459770115	0.8546365914786967	0.9001130057286072	341	354	58	94	rf	{'n_estimators': 201, 'max_depth': 36, 'min_samples_split': 6, 'min_samples_leaf': 14, 'max_features': 'sqrt', 'bootstrap': False, 'class_weight': 'balanced', 'ccp_alpha': 5.655296850883453e-06, 'n_jobs': 10}	ecfp-8-1024	1	2
0.634310057205807	0.8146399055489965	0.8142011834319527	0.814664192874675	0.7713004484304933	0.8621553884711779	0.8802083333333333	344	346	55	102	rf	{'n_estimators': 201, 'max_depth': 36, 'min_samples_split': 6, 'min_samples_leaf': 14, 'max_features': 'sqrt', 'bootstrap': False, 'class_weight': 'balanced', 'ccp_alpha': 5.655296850883453e-06, 'n_jobs': 10}	ecfp-8-1024	2	2
0.6610899888712652	0.8288075560802833	0.8267622461170848	0.8289006331964615	0.7899543378995434	0.8671679197994987	0.903984291084855	346	356	53	92	rf	{'n_estimators': 201, 'max_depth': 36, 'min_samples_split': 6, 'min_samples_leaf': 14, 'max_features': 'sqrt', 'bootstrap': False, 'class_weight': 'balanced', 'ccp_alpha': 5.655296850883453e-06, 'n_jobs': 10}	ecfp-8-1024	3	2
0.636987662828517	0.8167848699763594	0.8143712574850299	0.8168947076509939	0.7780320366132724	0.8542713567839196	0.8861719310839915	340	351	58	97	rf	{'n_estimators': 201, 'max_depth': 36, 'min_samples_split': 6, 'min_samples_leaf': 14, 'max_features': 'sqrt', 'bootstrap': False, 'class_weight': 'balanced', 'ccp_alpha': 5.655296850883453e-06, 'n_jobs': 10}	ecfp-8-1024	4	2
-0.020788005243577518	0.5029515938606848	0.34930448222565685	0.48108586355159294	0.4538152610441767	0.28391959798994976	0.48561851574129	113	313	285	136	knn	{'n_neighbors': 66, 'weights': 'distance', 'algorithm': 'ball_tree', 'leaf_size': 91, 'p': 2, 'metric': 'euclidean', 'metric_params': None, 'n_jobs': 10}	esm2-8m	0	3
-0.035051462675370036	0.4935064935064935	0.3663220088626292	0.4783744161791508	0.4460431654676259	0.3107769423558897	0.4823890082348729	124	294	275	154	knn	{'n_neighbors': 66, 'weights': 'distance', 'algorithm': 'ball_tree', 'leaf_size': 91, 'p': 2, 'metric': 'euclidean', 'metric_params': None, 'n_jobs': 10}	esm2-8m	1	3
0.021551742383811762	0.5182998819362455	0.42209631728045327	0.5093416552678924	0.48534201954397393	0.37343358395989973	0.49941818832796275	149	290	250	158	knn	{'n_neighbors': 66, 'weights': 'distance', 'algorithm': 'ball_tree', 'leaf_size': 91, 'p': 2, 'metric': 'euclidean', 'metric_params': None, 'n_jobs': 10}	esm2-8m	2	3
0.009355094795012116	0.5171192443919717	0.353870458135861	0.4917318271136887	0.47863247863247865	0.2807017543859649	0.49738744181883277	112	326	287	122	knn	{'n_neighbors': 66, 'weights': 'distance', 'algorithm': 'ball_tree', 'leaf_size': 91, 'p': 2, 'metric': 'euclidean', 'metric_params': None, 'n_jobs': 10}	esm2-8m	3	3
0.014318724965163156	0.5177304964539007	0.38368580060422963	0.5002916719453028	0.4810606060606061	0.31909547738693467	0.4944701184493898	127	311	271	137	knn	{'n_neighbors': 66, 'weights': 'distance', 'algorithm': 'ball_tree', 'leaf_size': 91, 'p': 2, 'metric': 'euclidean', 'metric_params': None, 'n_jobs': 10}	esm2-8m	4	3
0.6059135247341944	0.8028335301062574	0.7950920245398773	0.8030008664040517	0.7769784172661871	0.8140703517587939	0.868065270674083	324	356	74	93	rf	{'n_estimators': 11, 'max_depth': 42, 'min_samples_split': 4, 'min_samples_leaf': 4, 'max_features': 'sqrt', 'bootstrap': True, 'class_weight': 'balanced', 'ccp_alpha': 8.930674050346171e-07, 'n_jobs': 10}	ecfp-8-1024	0	4
0.5537085218389474	0.7768595041322314	0.7680981595092025	0.7770289499326768	0.7524038461538461	0.7844611528822055	0.8666364572144648	313	345	86	103	rf	{'n_estimators': 11, 'max_depth': 42, 'min_samples_split': 4, 'min_samples_leaf': 4, 'max_features': 'sqrt', 'bootstrap': True, 'class_weight': 'balanced', 'ccp_alpha': 8.930674050346171e-07, 'n_jobs': 10}	ecfp-8-1024	1	4
0.532775131691069	0.7662337662337663	0.7579462102689487	0.766422979840269	0.7398568019093079	0.7769423558897243	0.8447401987110633	310	339	89	109	rf	{'n_estimators': 11, 'max_depth': 42, 'min_samples_split': 4, 'min_samples_leaf': 4, 'max_features': 'sqrt', 'bootstrap': True, 'class_weight': 'balanced', 'ccp_alpha': 8.930674050346171e-07, 'n_jobs': 10}	ecfp-8-1024	2	4
0.5606935086639883	0.7804014167650531	0.7714987714987716	0.780563283042622	0.7566265060240964	0.7869674185463659	0.8745720327604725	314	347	85	101	rf	{'n_estimators': 11, 'max_depth': 42, 'min_samples_split': 4, 'min_samples_leaf': 4, 'max_features': 'sqrt', 'bootstrap': True, 'class_weight': 'balanced', 'ccp_alpha': 8.930674050346171e-07, 'n_jobs': 10}	ecfp-8-1024	3	4
0.566740626148872	0.7825059101654847	0.7772397094430993	0.7826883420611792	0.75	0.8065326633165829	0.8606929737975593	321	341	77	107	rf	{'n_estimators': 11, 'max_depth': 42, 'min_samples_split': 4, 'min_samples_leaf': 4, 'max_features': 'sqrt', 'bootstrap': True, 'class_weight': 'balanced', 'ccp_alpha': 8.930674050346171e-07, 'n_jobs': 10}	ecfp-8-1024	4	4
-0.0038942784717201262	0.5029515938606848	0.4409030544488712	0.5001162195836306	0.4676056338028169	0.41708542713567837	0.49705655224899553	166	260	232	189	lightgbm	{'n_estimators': 464, 'class_weight': 'balanced', 'num_leaves': 842, 'max_depth': 5, 'subsample': 0.5449858289860279, 'colsample_bytree': 0.7940243627837316, 'min_split_gain': 0.000319927107155284, 'reg_alpha': 0.0002656575503349474, 'learning_rate': 2.8301795972190373e-05, 'verbose': -1, 'n_jobs': 10}	chemberta-2	0	5
-0.008207144944632651	0.4911452184179457	0.5173572228443449	0.48803642887923426	0.4676113360323887	0.5789473684210527	0.4838043770139635	231	185	168	263	lightgbm	{'n_estimators': 464, 'class_weight': 'balanced', 'num_leaves': 842, 'max_depth': 5, 'subsample': 0.5449858289860279, 'colsample_bytree': 0.7940243627837316, 'min_split_gain': 0.000319927107155284, 'reg_alpha': 0.0002656575503349474, 'learning_rate': 2.8301795972190373e-05, 'verbose': -1, 'n_jobs': 10}	chemberta-2	1	5
-0.03323605200243227	0.4923258559622196	0.38746438746438744	0.48217797191404227	0.44884488448844884	0.3408521303258145	0.4913623344074472	136	281	263	167	lightgbm	{'n_estimators': 464, 'class_weight': 'balanced', 'num_leaves': 842, 'max_depth': 5, 'subsample': 0.5449858289860279, 'colsample_bytree': 0.7940243627837316, 'min_split_gain': 0.000319927107155284, 'reg_alpha': 0.0002656575503349474, 'learning_rate': 2.8301795972190373e-05, 'verbose': -1, 'n_jobs': 10}	chemberta-2	2	5
-0.019873481542091835	0.4911452184179457	0.46592317224287483	0.4914011354591809	0.46078431372549017	0.47117794486215536	0.48901830469029717	188	228	211	220	lightgbm	{'n_estimators': 464, 'class_weight': 'balanced', 'num_leaves': 842, 'max_depth': 5, 'subsample': 0.5449858289860279, 'colsample_bytree': 0.7940243627837316, 'min_split_gain': 0.000319927107155284, 'reg_alpha': 0.0002656575503349474, 'learning_rate': 2.8301795972190373e-05, 'verbose': -1, 'n_jobs': 10}	chemberta-2	3	5
-0.04666698146519918	0.4728132387706856	0.49318181818181817	0.4707061443488443	0.45020746887966806	0.5452261306532663	0.4659009332376166	217	183	181	265	lightgbm	{'n_estimators': 464, 'class_weight': 'balanced', 'num_leaves': 842, 'max_depth': 5, 'subsample': 0.5449858289860279, 'colsample_bytree': 0.7940243627837316, 'min_split_gain': 0.000319927107155284, 'reg_alpha': 0.0002656575503349474, 'learning_rate': 2.8301795972190373e-05, 'verbose': -1, 'n_jobs': 10}	chemberta-2	4	5
0.009650631303138653	0.5017709563164109	0.5115740740740741	0.5009678093193974	0.4742489270386266	0.5552763819095478	0.49763293080099835	221	204	177	245	lightgbm	{'n_estimators': 289, 'class_weight': 'balanced', 'num_leaves': 310, 'max_depth': 3, 'subsample': 0.8292628136224613, 'colsample_bytree': 0.6670104963000281, 'min_split_gain': 2.432840107526005e-09, 'reg_alpha': 2.35765050760878e-09, 'learning_rate': 1.7578558502936746e-05, 'verbose': -1, 'n_jobs': 10}	esm2-8m	0	6
-0.019592960543016992	0.4805194805194805	0.5482546201232033	0.4639620019496816	0.4643478260869565	0.6691729323308271	0.4716842329036878	267	140	132	308	lightgbm	{'n_estimators': 289, 'class_weight': 'balanced', 'num_leaves': 310, 'max_depth': 3, 'subsample': 0.8292628136224613, 'colsample_bytree': 0.6670104963000281, 'min_split_gain': 2.432840107526005e-09, 'reg_alpha': 2.35765050760878e-09, 'learning_rate': 1.7578558502936746e-05, 'verbose': -1, 'n_jobs': 10}	esm2-8m	1	6
0.000700899073179676	0.4911452184179457	0.5496342737722049	0.478526819772997	0.471326164874552	0.6591478696741855	0.5016167651271034	263	153	136	295	lightgbm	{'n_estimators': 289, 'class_weight': 'balanced', 'num_leaves': 310, 'max_depth': 3, 'subsample': 0.8292628136224613, 'colsample_bytree': 0.6670104963000281, 'min_split_gain': 2.432840107526005e-09, 'reg_alpha': 2.35765050760878e-09, 'learning_rate': 1.7578558502936746e-05, 'verbose': -1, 'n_jobs': 10}	esm2-8m	2	6
0.00347944102532443	0.5017709563164109	0.48661800486618007	0.5021880100260502	0.4728132387706856	0.5012531328320802	0.5083971088435375	200	225	199	223	lightgbm	{'n_estimators': 289, 'class_weight': 'balanced', 'num_leaves': 310, 'max_depth': 3, 'subsample': 0.8292628136224613, 'colsample_bytree': 0.6670104963000281, 'min_split_gain': 2.432840107526005e-09, 'reg_alpha': 2.35765050760878e-09, 'learning_rate': 1.7578558502936746e-05, 'verbose': -1, 'n_jobs': 10}	esm2-8m	3	6
-0.014929423925459274	0.49645390070921985	0.44386422976501305	0.49475013167215054	0.46195652173913043	0.4271356783919598	0.5099857546661881	170	250	228	198	lightgbm	{'n_estimators': 289, 'class_weight': 'balanced', 'num_leaves': 310, 'max_depth': 3, 'subsample': 0.8292628136224613, 'colsample_bytree': 0.6670104963000281, 'min_split_gain': 2.432840107526005e-09, 'reg_alpha': 2.35765050760878e-09, 'learning_rate': 1.7578558502936746e-05, 'verbose': -1, 'n_jobs': 10}	esm2-8m	4	6
0.5617591465359755	0.7768595041322314	0.779463243873979	0.776669745321901	0.7276688453159041	0.8391959798994975	0.8509026200042529	334	324	64	125	lightgbm	{'n_estimators': 300, 'class_weight': 'balanced', 'num_leaves': 17, 'max_depth': 7, 'subsample': 0.5174296604953676, 'colsample_bytree': 0.6859498882502868, 'min_split_gain': 2.75900887283193e-07, 'reg_alpha': 8.539111123611211e-05, 'learning_rate': 0.00034251355413930163, 'verbose': -1, 'n_jobs': 10}	ecfp-8-1024	0	7
0.5399960364596736	0.7697756788665879	0.7619047619047619	0.7699645808736717	0.7428571428571429	0.7819548872180451	0.8513694951664877	312	340	87	108	lightgbm	{'n_estimators': 300, 'class_weight': 'balanced', 'num_leaves': 17, 'max_depth': 7, 'subsample': 0.5174296604953676, 'colsample_bytree': 0.6859498882502868, 'min_split_gain': 2.75900887283193e-07, 'reg_alpha': 8.539111123611211e-05, 'learning_rate': 0.00034251355413930163, 'verbose': -1, 'n_jobs': 10}	ecfp-8-1024	1	7
0.5198317550748383	0.7579693034238488	0.7562425683709869	0.7580563486844268	0.7194570135746606	0.7969924812030075	0.8348466031149303	318	324	81	124	lightgbm	{'n_estimators': 300, 'class_weight': 'balanced', 'num_leaves': 17, 'max_depth': 7, 'subsample': 0.5174296604953676, 'colsample_bytree': 0.6859498882502868, 'min_split_gain': 2.75900887283193e-07, 'reg_alpha': 8.539111123611211e-05, 'learning_rate': 0.00034251355413930163, 'verbose': -1, 'n_jobs': 10}	ecfp-8-1024	2	7
0.5376706897600304	0.7674144037780402	0.7640718562874251	0.7675583784662272	0.731651376146789	0.7994987468671679	0.8653553526673827	319	331	80	117	lightgbm	{'n_estimators': 300, 'class_weight': 'balanced', 'num_leaves': 17, 'max_depth': 7, 'subsample': 0.5174296604953676, 'colsample_bytree': 0.6859498882502868, 'min_split_gain': 2.75900887283193e-07, 'reg_alpha': 8.539111123611211e-05, 'learning_rate': 0.00034251355413930163, 'verbose': -1, 'n_jobs': 10}	ecfp-8-1024	3	7
0.5310942541196776	0.7612293144208038	0.7651162790697674	0.7609303171401143	0.7121212121212122	0.8266331658291457	0.8456260095118449	329	315	69	133	lightgbm	{'n_estimators': 300, 'class_weight': 'balanced', 'num_leaves': 17, 'max_depth': 7, 'subsample': 0.5174296604953676, 'colsample_bytree': 0.6859498882502868, 'min_split_gain': 2.75900887283193e-07, 'reg_alpha': 8.539111123611211e-05, 'learning_rate': 0.00034251355413930163, 'verbose': -1, 'n_jobs': 10}	ecfp-8-1024	4	7
-0.01945676552825474	0.4935064935064935	0.44787644787644787	0.49256105090347185	0.45910290237467016	0.4371859296482412	0.5016563888484741	174	244	224	205	lightgbm	{'n_estimators': 304, 'class_weight': 'balanced', 'num_leaves': 248, 'max_depth': 5, 'subsample': 0.5669987486899346, 'colsample_bytree': 0.6142367135459146, 'min_split_gain': 6.639048351454483e-09, 'reg_alpha': 6.154037141497959e-07, 'learning_rate': 0.0006868388614822673, 'verbose': -1, 'n_jobs': 10}	chemberta-2	0	8
-0.03622448213273933	0.4781582054309327	0.49772727272727274	0.4761868743273702	0.4553014553014553	0.5488721804511278	0.4752506265664161	219	186	180	262	lightgbm	{'n_estimators': 304, 'class_weight': 'balanced', 'num_leaves': 248, 'max_depth': 5, 'subsample': 0.5669987486899346, 'colsample_bytree': 0.6142367135459146, 'min_split_gain': 6.639048351454483e-09, 'reg_alpha': 6.154037141497959e-07, 'learning_rate': 0.0006868388614822673, 'verbose': -1, 'n_jobs': 10}	chemberta-2	1	8
-0.04165205447380397	0.4852420306965762	0.41081081081081083	0.48071686219199083	0.44574780058651026	0.38095238095238093	0.4824673290368779	152	259	247	189	lightgbm	{'n_estimators': 304, 'class_weight': 'balanced', 'num_leaves': 248, 'max_depth': 5, 'subsample': 0.5669987486899346, 'colsample_bytree': 0.6142367135459146, 'min_split_gain': 6.639048351454483e-09, 'reg_alpha': 6.154037141497959e-07, 'learning_rate': 0.0006868388614822673, 'verbose': -1, 'n_jobs': 10}	chemberta-2	2	8
-0.02600329055454022	0.48760330578512395	0.4668304668304668	0.48798099376611775	0.4578313253012048	0.47619047619047616	0.4967552810597924	190	223	209	225	lightgbm	{'n_estimators': 304, 'class_weight': 'balanced', 'num_leaves': 248, 'max_depth': 5, 'subsample': 0.5669987486899346, 'colsample_bytree': 0.6142367135459146, 'min_split_gain': 6.639048351454483e-09, 'reg_alpha': 6.154037141497959e-07, 'learning_rate': 0.0006868388614822673, 'verbose': -1, 'n_jobs': 10}	chemberta-2	3	8
-0.04517209547770121	0.4728132387706856	0.5	0.46955082742316784	0.451417004048583	0.5603015075376885	0.47633816403445794	223	177	175	271	lightgbm	{'n_estimators': 304, 'class_weight': 'balanced', 'num_leaves': 248, 'max_depth': 5, 'subsample': 0.5669987486899346, 'colsample_bytree': 0.6142367135459146, 'min_split_gain': 6.639048351454483e-09, 'reg_alpha': 6.154037141497959e-07, 'learning_rate': 0.0006868388614822673, 'verbose': -1, 'n_jobs': 10}	chemberta-2	4	8
0.6103316130910984	0.8016528925619835	0.8028169014084507	0.8015754762966603	0.7533039647577092	0.8592964824120602	0.8880650468377522	342	337	56	112	knn	{'n_neighbors': 56, 'weights': 'distance', 'algorithm': 'ball_tree', 'leaf_size': 23, 'p': 2, 'metric': 'euclidean', 'metric_params': None, 'n_jobs': 10}	ecfp-8-1024	0	9
0.6139620290971833	0.8028335301062574	0.8055878928987195	0.8026323131836942	0.7521739130434782	0.8671679197994987	0.8766111707841031	346	334	53	114	knn	{'n_neighbors': 56, 'weights': 'distance', 'algorithm': 'ball_tree', 'leaf_size': 23, 'p': 2, 'metric': 'euclidean', 'metric_params': None, 'n_jobs': 10}	ecfp-8-1024	1	9
0.567677381475715	0.7780401416765053	0.7844036697247706	0.7774672693217953	0.7230443974630021	0.8571428571428571	0.860202962764053	342	317	57	131	knn	{'n_neighbors': 56, 'weights': 'distance', 'algorithm': 'ball_tree', 'leaf_size': 23, 'p': 2, 'metric': 'euclidean', 'metric_params': None, 'n_jobs': 10}	ecfp-8-1024	2	9
0.6308489940156459	0.8110979929161747	0.813953488372093	0.8108857138774852	0.7592190889370932	0.8771929824561403	0.8952571160042964	350	337	49	111	knn	{'n_neighbors': 56, 'weights': 'distance', 'algorithm': 'ball_tree', 'leaf_size': 23, 'p': 2, 'metric': 'euclidean', 'metric_params': None, 'n_jobs': 10}	ecfp-8-1024	3	9
0.5887209837659921	0.789598108747045	0.7935034802784223	0.7892875611312969	0.7370689655172413	0.8592964824120602	0.8729529343144292	342	326	56	122	knn	{'n_neighbors': 56, 'weights': 'distance', 'algorithm': 'ball_tree', 'leaf_size': 23, 'p': 2, 'metric': 'euclidean', 'metric_params': None, 'n_jobs': 10}	ecfp-8-1024	4	9
0.5743608643508397	0.7804014167650531	0.7876712328767124	0.7796904323042552	0.7217573221757322	0.8668341708542714	0.8734933016977986	345	316	53	133	knn	{'n_neighbors': 87, 'weights': 'uniform', 'algorithm': 'brute', 'leaf_size': 19, 'p': 2, 'metric': 'euclidean', 'metric_params': None, 'n_jobs': 10}	ecfp-8-1024	0	10
0.5962561054859341	0.7922077922077922	0.7981651376146789	0.7916714861735957	0.7357293868921776	0.8721804511278195	0.8658280746509129	348	323	51	125	knn	{'n_neighbors': 87, 'weights': 'uniform', 'algorithm': 'brute', 'leaf_size': 19, 'p': 2, 'metric': 'euclidean', 'metric_params': None, 'n_jobs': 10}	ecfp-8-1024	1	10
0.5449574765947196	0.7626918536009445	0.7759197324414716	0.761048741925647	0.6987951807228916	0.8721804511278195	0.8506198532044397	348	298	51	150	knn	{'n_neighbors': 87, 'weights': 'uniform', 'algorithm': 'brute', 'leaf_size': 19, 'p': 2, 'metric': 'euclidean', 'metric_params': None, 'n_jobs': 10}	ecfp-8-1024	2	10
0.6240600314532461	0.8051948051948052	0.8118586088939567	0.8045504471871762	0.7447698744769874	0.8922305764411027	0.8821439760114572	356	326	43	122	knn	{'n_neighbors': 87, 'weights': 'uniform', 'algorithm': 'brute', 'leaf_size': 19, 'p': 2, 'metric': 'euclidean', 'metric_params': None, 'n_jobs': 10}	ecfp-8-1024	3	10
0.5532513598451195	0.7683215130023641	0.7787810383747178	0.7671535759260467	0.7069672131147541	0.8668341708542714	0.8652610148959081	345	305	53	143	knn	{'n_neighbors': 87, 'weights': 'uniform', 'algorithm': 'brute', 'leaf_size': 19, 'p': 2, 'metric': 'euclidean', 'metric_params': None, 'n_jobs': 10}	ecfp-8-1024	4	10
0.6188526591124375	0.807556080283353	0.8052568697729988	0.807666077518971	0.7676537585421412	0.8467336683417085	0.8856420185560319	337	347	61	102	rf	{'n_estimators': 544, 'max_depth': 17, 'min_samples_split': 15, 'min_samples_leaf': 20, 'max_features': 'sqrt', 'bootstrap': False, 'class_weight': 'balanced', 'ccp_alpha': 0.00089441708017185, 'n_jobs': 10}	ecfp-8-1024	0	11
0.6265682268047293	0.8122786304604487	0.8082026537997588	0.8124247059245889	0.7790697674418605	0.8395989974937343	0.8901438865019692	335	353	64	95	rf	{'n_estimators': 544, 'max_depth': 17, 'min_samples_split': 15, 'min_samples_leaf': 20, 'max_features': 'sqrt', 'bootstrap': False, 'class_weight': 'balanced', 'ccp_alpha': 0.00089441708017185, 'n_jobs': 10}	ecfp-8-1024	1	11
0.5942576238271468	0.79456906729634	0.7943262411347518	0.794582812173411	0.7516778523489933	0.8421052631578947	0.8689413265306123	336	337	63	111	rf	{'n_estimators': 544, 'max_depth': 17, 'min_samples_split': 15, 'min_samples_leaf': 20, 'max_features': 'sqrt', 'bootstrap': False, 'class_weight': 'balanced', 'ccp_alpha': 0.00089441708017185, 'n_jobs': 10}	ecfp-8-1024	2	11
0.635638200263848	0.8158205430932703	0.8142857142857143	0.8158960264772485	0.7755102040816326	0.8571428571428571	0.8954752953813104	342	349	57	99	rf	{'n_estimators': 544, 'max_depth': 17, 'min_samples_split': 15, 'min_samples_leaf': 20, 'max_features': 'sqrt', 'bootstrap': False, 'class_weight': 'balanced', 'ccp_alpha': 0.00089441708017185, 'n_jobs': 10}	ecfp-8-1024	3	11
0.6421145408814698	0.8191489361702128	0.8172043010752689	0.8192421876776895	0.7790432801822323	0.8592964824120602	0.8754823223259152	342	351	56	97	rf	{'n_estimators': 544, 'max_depth': 17, 'min_samples_split': 15, 'min_samples_leaf': 20, 'max_features': 'sqrt', 'bootstrap': False, 'class_weight': 'balanced', 'ccp_alpha': 0.00089441708017185, 'n_jobs': 10}	ecfp-8-1024	4	11
0.6153550146829587	0.8051948051948052	0.8042704626334519	0.8052458558415545	0.7617977528089888	0.8517587939698492	0.8863079316403846	339	343	59	106	rf	{'n_estimators': 565, 'max_depth': 13, 'min_samples_split': 16, 'min_samples_leaf': 20, 'max_features': 'sqrt', 'bootstrap': False, 'class_weight': 'balanced', 'ccp_alpha': 0.0009283880960983922, 'n_jobs': 10}	ecfp-8-1024	0	12
0.6240449826436514	0.8110979929161747	0.8067632850241546	0.8112481560071223	0.7785547785547785	0.8370927318295739	0.8888963480128894	334	353	65	95	rf	{'n_estimators': 565, 'max_depth': 13, 'min_samples_split': 16, 'min_samples_leaf': 20, 'max_features': 'sqrt', 'bootstrap': False, 'class_weight': 'balanced', 'ccp_alpha': 0.0009283880960983922, 'n_jobs': 10}	ecfp-8-1024	1	12
0.5908566448264817	0.7933884297520661	0.7919143876337693	0.793462736681828	0.753393665158371	0.8345864661654135	0.8662224758324383	333	339	66	109	rf	{'n_estimators': 565, 'max_depth': 13, 'min_samples_split': 16, 'min_samples_leaf': 20, 'max_features': 'sqrt', 'bootstrap': False, 'class_weight': 'balanced', 'ccp_alpha': 0.0009283880960983922, 'n_jobs': 10}	ecfp-8-1024	2	12
0.6203116159026405	0.8087367178276269	0.8057553956834532	0.8088615173592435	0.7724137931034483	0.8421052631578947	0.8961633995703545	336	349	63	99	rf	{'n_estimators': 565, 'max_depth': 13, 'min_samples_split': 16, 'min_samples_leaf': 20, 'max_features': 'sqrt', 'bootstrap': False, 'class_weight': 'balanced', 'ccp_alpha': 0.0009283880960983922, 'n_jobs': 10}	ecfp-8-1024	3	12
0.6318766601581787	0.8144208037825059	0.8115246098439376	0.8145455525318972	0.7770114942528735	0.8492462311557789	0.8746803212491026	338	351	60	97	rf	{'n_estimators': 565, 'max_depth': 13, 'min_samples_split': 16, 'min_samples_leaf': 20, 'max_features': 'sqrt', 'bootstrap': False, 'class_weight': 'balanced', 'ccp_alpha': 0.0009283880960983922, 'n_jobs': 10}	ecfp-8-1024	4	12
0.6192518264761344	0.807556080283353	0.8057210965435042	0.8076483660152988	0.7664399092970522	0.8492462311557789	0.8928607402267462	338	346	60	103	rf	{'n_estimators': 380, 'max_depth': 26, 'min_samples_split': 14, 'min_samples_leaf': 20, 'max_features': 'sqrt', 'bootstrap': False, 'class_weight': 'balanced', 'ccp_alpha': 0.0004781848890476023, 'n_jobs': 10}	ecfp-8-1024	0	13
0.6290951492032218	0.8134592680047226	0.8096385542168675	0.8136007759227912	0.7795823665893271	0.8421052631578947	0.8924935105621196	336	353	63	95	rf	{'n_estimators': 380, 'max_depth': 26, 'min_samples_split': 14, 'min_samples_leaf': 20, 'max_features': 'sqrt', 'bootstrap': False, 'class_weight': 'balanced', 'ccp_alpha': 0.0004781848890476023, 'n_jobs': 10}	ecfp-8-1024	1	13
0.6084709411790117	0.8016528925619835	0.8014184397163121	0.8016661634777763	0.7583892617449665	0.849624060150376	0.8719734604368063	339	340	60	108	rf	{'n_estimators': 380, 'max_depth': 26, 'min_samples_split': 14, 'min_samples_leaf': 20, 'max_features': 'sqrt', 'bootstrap': False, 'class_weight': 'balanced', 'ccp_alpha': 0.0004781848890476023, 'n_jobs': 10}	ecfp-8-1024	2	13
0.6382065713275774	0.8170011806375442	0.8156956004756243	0.8170669953467619	0.7760180995475113	0.8596491228070176	0.8994640619405657	343	349	56	99	rf	{'n_estimators': 380, 'max_depth': 26, 'min_samples_split': 14, 'min_samples_leaf': 20, 'max_features': 'sqrt', 'bootstrap': False, 'class_weight': 'balanced', 'ccp_alpha': 0.0004781848890476023, 'n_jobs': 10}	ecfp-8-1024	3	13
0.6322486547665992	0.8144208037825059	0.8119760479041916	0.8145320587174584	0.7757437070938215	0.8517587939698492	0.8804737975592246	339	350	59	98	rf	{'n_estimators': 380, 'max_depth': 26, 'min_samples_split': 14, 'min_samples_leaf': 20, 'max_features': 'sqrt', 'bootstrap': False, 'class_weight': 'balanced', 'ccp_alpha': 0.0004781848890476023, 'n_jobs': 10}	ecfp-8-1024	4	13
0.6516022471613904	0.8240850059031877	0.8215568862275449	0.8241997866567966	0.7848970251716247	0.8618090452261307	0.903196382804893	343	355	55	94	rf	{'n_estimators': 141, 'max_depth': 35, 'min_samples_split': 7, 'min_samples_leaf': 7, 'max_features': 'log2', 'bootstrap': False, 'class_weight': 'balanced', 'ccp_alpha': 1.3878306246849125e-06, 'n_jobs': 10}	ecfp-8-1024	0	14
0.6502500363111425	0.8229043683589138	0.8218527315914489	0.8229586782389238	0.781038374717833	0.8671679197994987	0.8979256176154672	346	351	53	97	rf	{'n_estimators': 141, 'max_depth': 35, 'min_samples_split': 7, 'min_samples_leaf': 7, 'max_features': 'log2', 'bootstrap': False, 'class_weight': 'balanced', 'ccp_alpha': 1.3878306246849125e-06, 'n_jobs': 10}	ecfp-8-1024	1	14
0.6443363561624833	0.820543093270366	0.8181818181818182	0.8206476718873412	0.782608695652174	0.8571428571428571	0.8849299588256354	342	353	57	95	rf	{'n_estimators': 141, 'max_depth': 35, 'min_samples_split': 7, 'min_samples_leaf': 7, 'max_features': 'log2', 'bootstrap': False, 'class_weight': 'balanced', 'ccp_alpha': 1.3878306246849125e-06, 'n_jobs': 10}	ecfp-8-1024	2	14
0.6508942001024997	0.8240850059031877	0.8211284513805522	0.8242051910463842	0.7880184331797235	0.8571428571428571	0.9078108216970998	342	356	57	92	rf	{'n_estimators': 141, 'max_depth': 35, 'min_samples_split': 7, 'min_samples_leaf': 7, 'max_features': 'log2', 'bootstrap': False, 'class_weight': 'balanced', 'ccp_alpha': 1.3878306246849125e-06, 'n_jobs': 10}	ecfp-8-1024	3	14
0.6439074997469472	0.8203309692671394	0.8177458033573142	0.8204454637946142	0.7821100917431193	0.8567839195979899	0.8875740308686288	341	353	57	95	rf	{'n_estimators': 141, 'max_depth': 35, 'min_samples_split': 7, 'min_samples_leaf': 7, 'max_features': 'log2', 'bootstrap': False, 'class_weight': 'balanced', 'ccp_alpha': 1.3878306246849125e-06, 'n_jobs': 10}	ecfp-8-1024	4	14
-0.01425278804182288	0.49940968122786306	0.4207650273224044	0.494177604460764	0.46107784431137727	0.3869346733668342	0.487185370057414	154	269	244	180	rf	{'n_estimators': 88, 'max_depth': 41, 'min_samples_split': 6, 'min_samples_leaf': 4, 'max_features': 'log2', 'bootstrap': False, 'class_weight': 'balanced', 'ccp_alpha': 5.562142014894689e-07, 'n_jobs': 10}	esm2-8m	0	15
-0.009870997733398423	0.500590318772137	0.4306864064602961	0.4965475057572566	0.46511627906976744	0.40100250626566414	0.4955804690297171	160	264	239	184	rf	{'n_estimators': 88, 'max_depth': 41, 'min_samples_split': 6, 'min_samples_leaf': 4, 'max_features': 'log2', 'bootstrap': False, 'class_weight': 'balanced', 'ccp_alpha': 5.562142014894689e-07, 'n_jobs': 10}	esm2-8m	1	15
3.9766344711473584e-05	0.5053128689492326	0.4375838926174497	0.5015303233795967	0.47109826589595377	0.40852130325814534	0.4982209989258861	163	265	236	183	rf	{'n_estimators': 88, 'max_depth': 41, 'min_samples_split': 6, 'min_samples_leaf': 4, 'max_features': 'log2', 'bootstrap': False, 'class_weight': 'balanced', 'ccp_alpha': 5.562142014894689e-07, 'n_jobs': 10}	esm2-8m	2	15
-0.02326688192118252	0.4946871310507674	0.41689373297002724	0.4895009045120514	0.45671641791044776	0.38345864661654133	0.4904504564983888	153	266	246	182	rf	{'n_estimators': 88, 'max_depth': 41, 'min_samples_split': 6, 'min_samples_leaf': 4, 'max_features': 'log2', 'bootstrap': False, 'class_weight': 'balanced', 'ccp_alpha': 5.562142014894689e-07, 'n_jobs': 10}	esm2-8m	3	15
0.00022838350372005308	0.5059101654846335	0.43360433604336046	0.5015142135898811	0.47058823529411764	0.4020100502512563	0.4961021625987078	160	268	238	180	rf	{'n_estimators': 88, 'max_depth': 41, 'min_samples_split': 6, 'min_samples_leaf': 4, 'max_features': 'log2', 'bootstrap': False, 'class_weight': 'balanced', 'ccp_alpha': 5.562142014894689e-07, 'n_jobs': 10}	esm2-8m	4	15
0.6459286526778361	0.820543093270366	0.8194774346793349	0.8206006288280977	0.777027027027027	0.8668341708542714	0.9004879632013072	345	350	53	99	rf	{'n_estimators': 114, 'max_depth': 33, 'min_samples_split': 6, 'min_samples_leaf': 7, 'max_features': 'log2', 'bootstrap': False, 'class_weight': 'balanced', 'ccp_alpha': 4.399870455156995e-09, 'n_jobs': 10}	ecfp-8-1024	0	16
0.6640452998878279	0.8299881936245572	0.8285714285714286	0.8300578705943833	0.7891156462585034	0.8721804511278195	0.8979088345864661	348	355	51	93	rf	{'n_estimators': 114, 'max_depth': 33, 'min_samples_split': 6, 'min_samples_leaf': 7, 'max_features': 'log2', 'bootstrap': False, 'class_weight': 'balanced', 'ccp_alpha': 4.399870455156995e-09, 'n_jobs': 10}	ecfp-8-1024	1	16
0.6330738870991205	0.8146399055489965	0.8128724672228844	0.8147246599014767	0.775	0.8546365914786967	0.8855061761546724	341	349	58	99	rf	{'n_estimators': 114, 'max_depth': 33, 'min_samples_split': 6, 'min_samples_leaf': 7, 'max_features': 'log2', 'bootstrap': False, 'class_weight': 'balanced', 'ccp_alpha': 4.399870455156995e-09, 'n_jobs': 10}	ecfp-8-1024	2	16
0.6396034781745236	0.8181818181818182	0.8157894736842105	0.8182877728332274	0.7803203661327232	0.8546365914786967	0.9044709989258861	341	352	58	96	rf	{'n_estimators': 114, 'max_depth': 33, 'min_samples_split': 6, 'min_samples_leaf': 7, 'max_features': 'log2', 'bootstrap': False, 'class_weight': 'balanced', 'ccp_alpha': 4.399870455156995e-09, 'n_jobs': 10}	ecfp-8-1024	3	16
0.6282948307440491	0.8120567375886525	0.8104886769964244	0.8121357840194448	0.7709750566893424	0.8542713567839196	0.8860709798994975	340	347	58	101	rf	{'n_estimators': 114, 'max_depth': 33, 'min_samples_split': 6, 'min_samples_leaf': 7, 'max_features': 'log2', 'bootstrap': False, 'class_weight': 'balanced', 'ccp_alpha': 4.399870455156995e-09, 'n_jobs': 10}	ecfp-8-1024	4	16
0.6852162937182051	0.8429752066115702	0.8343711083437111	0.8430428033431921	0.8271604938271605	0.8417085427135679	0.9139573144117021	335	379	63	70	rf	{'n_estimators': 120, 'max_depth': 49, 'min_samples_split': 2, 'min_samples_leaf': 1, 'max_features': 'log2', 'bootstrap': True, 'class_weight': 'balanced', 'ccp_alpha': 6.613322902366359e-06, 'n_jobs': 10}	ecfp-8-1024	0	17
0.6330691897303065	0.8170011806375442	0.8069738480697385	0.8170574507417406	0.801980198019802	0.8120300751879699	0.8988570757250269	324	368	75	80	rf	{'n_estimators': 120, 'max_depth': 49, 'min_samples_split': 2, 'min_samples_leaf': 1, 'max_features': 'log2', 'bootstrap': True, 'class_weight': 'balanced', 'ccp_alpha': 6.613322902366359e-06, 'n_jobs': 10}	ecfp-8-1024	1	17
0.6114505012531328	0.8063754427390791	0.7944862155388471	0.8063754427390791	0.7944862155388471	0.7944862155388471	0.8848488408521303	317	366	82	82	rf	{'n_estimators': 120, 'max_depth': 49, 'min_samples_split': 2, 'min_samples_leaf': 1, 'max_features': 'log2', 'bootstrap': True, 'class_weight': 'balanced', 'ccp_alpha': 6.613322902366359e-06, 'n_jobs': 10}	ecfp-8-1024	2	17
0.6609359918595961	0.8311688311688312	0.8187579214195184	0.8310454077569596	0.8282051282051283	0.8095238095238095	0.9083422842821339	323	381	76	67	rf	{'n_estimators': 120, 'max_depth': 49, 'min_samples_split': 2, 'min_samples_leaf': 1, 'max_features': 'log2', 'bootstrap': True, 'class_weight': 'balanced', 'ccp_alpha': 6.613322902366359e-06, 'n_jobs': 10}	ecfp-8-1024	3	17
0.6334565678386813	0.8167848699763594	0.8088779284833539	0.8169194944058658	0.7941888619854721	0.8241206030150754	0.8928571428571428	328	363	70	85	rf	{'n_estimators': 120, 'max_depth': 49, 'min_samples_split': 2, 'min_samples_leaf': 1, 'max_features': 'log2', 'bootstrap': True, 'class_weight': 'balanced', 'ccp_alpha': 6.613322902366359e-06, 'n_jobs': 10}	ecfp-8-1024	4	17
0.6189171234606843	0.8099173553719008	0.7995018679950187	0.8099991829943903	0.7925925925925926	0.8065326633165829	0.8947969244888138	321	365	77	84	rf	{'n_estimators': 41, 'max_depth': 50, 'min_samples_split': 2, 'min_samples_leaf': 1, 'max_features': 'log2', 'bootstrap': True, 'class_weight': 'balanced', 'ccp_alpha': 1.33193549953785e-08, 'n_jobs': 10}	ecfp-8-1024	0	18
0.5778212244954637	0.7898465171192444	0.7735368956743003	0.7896309714613817	0.7855297157622739	0.7619047619047619	0.8874669933762979	304	365	95	83	rf	{'n_estimators': 41, 'max_depth': 50, 'min_samples_split': 2, 'min_samples_leaf': 1, 'max_features': 'log2', 'bootstrap': True, 'class_weight': 'balanced', 'ccp_alpha': 1.33193549953785e-08, 'n_jobs': 10}	ecfp-8-1024	1	18
0.6102672568170648	0.8051948051948052	0.7970479704797048	0.8053335140719067	0.782608695652174	0.8120300751879699	0.8788936627282492	324	358	75	90	rf	{'n_estimators': 41, 'max_depth': 50, 'min_samples_split': 2, 'min_samples_leaf': 1, 'max_features': 'log2', 'bootstrap': True, 'class_weight': 'balanced', 'ccp_alpha': 1.33193549953785e-08, 'n_jobs': 10}	ecfp-8-1024	2	18
0.6209273182957393	0.8110979929161747	0.7994987468671679	0.8110979929161747	0.7994987468671679	0.7994987468671679	0.89593962585034	319	368	80	80	rf	{'n_estimators': 41, 'max_depth': 50, 'min_samples_split': 2, 'min_samples_leaf': 1, 'max_features': 'log2', 'bootstrap': True, 'class_weight': 'balanced', 'ccp_alpha': 1.33193549953785e-08, 'n_jobs': 10}	ecfp-8-1024	3	18
0.6007449439144875	0.8002364066193853	0.7926380368098159	0.8004010235251799	0.7745803357314148	0.8115577889447236	0.8725687589734387	323	354	75	94	rf	{'n_estimators': 41, 'max_depth': 50, 'min_samples_split': 2, 'min_samples_leaf': 1, 'max_features': 'log2', 'bootstrap': True, 'class_weight': 'balanced', 'ccp_alpha': 1.33193549953785e-08, 'n_jobs': 10}	ecfp-8-1024	4	18
-0.02128320943737717	0.49940968122786306	0.38372093023255816	0.48698981531584223	0.45517241379310347	0.3316582914572864	0.4729213998724133	132	291	266	158	rf	{'n_estimators': 45, 'max_depth': 49, 'min_samples_split': 2, 'min_samples_leaf': 1, 'max_features': 'log2', 'bootstrap': True, 'class_weight': 'balanced', 'ccp_alpha': 7.481081196399068e-06, 'n_jobs': 10}	chemberta-2	0	19
0.0006403079464056235	0.5064935064935064	0.42896174863387976	0.5011742798628045	0.47147147147147145	0.39348370927318294	0.5026936761546724	157	272	242	176	rf	{'n_estimators': 45, 'max_depth': 49, 'min_samples_split': 2, 'min_samples_leaf': 1, 'max_features': 'log2', 'bootstrap': True, 'class_weight': 'balanced', 'ccp_alpha': 7.481081196399068e-06, 'n_jobs': 10}	chemberta-2	1	19
0.01136686839563359	0.5147579693034239	0.4	0.5019059866163209	0.479020979020979	0.3433583959899749	0.4971189133548156	137	299	262	149	rf	{'n_estimators': 45, 'max_depth': 49, 'min_samples_split': 2, 'min_samples_leaf': 1, 'max_features': 'log2', 'bootstrap': True, 'class_weight': 'balanced', 'ccp_alpha': 7.481081196399068e-06, 'n_jobs': 10}	chemberta-2	2	19
-0.07116838597869568	0.4734356552538371	0.37183098591549296	0.4643490588089445	0.42443729903536975	0.3308270676691729	0.46820455155746515	132	269	267	179	rf	{'n_estimators': 45, 'max_depth': 49, 'min_samples_split': 2, 'min_samples_leaf': 1, 'max_features': 'log2', 'bootstrap': True, 'class_weight': 'balanced', 'ccp_alpha': 7.481081196399068e-06, 'n_jobs': 10}	chemberta-2	3	19
0.028696059095869003	0.5200945626477541	0.44686648501362397	0.5153553759950233	0.4880952380952381	0.4120603015075377	0.49806229809763103	164	276	234	172	rf	{'n_estimators': 45, 'max_depth': 49, 'min_samples_split': 2, 'min_samples_leaf': 1, 'max_features': 'log2', 'bootstrap': True, 'class_weight': 'balanced', 'ccp_alpha': 7.481081196399068e-06, 'n_jobs': 10}	chemberta-2	4	19
-0.11006060521795949	0.45690672963400236	0.3352601156069364	0.4442807337669216	0.3945578231292517	0.2914572864321608	0.4566373068012669	116	271	282	178	rf	{'n_estimators': 171, 'max_depth': 24, 'min_samples_split': 3, 'min_samples_leaf': 2, 'max_features': 'log2', 'bootstrap': True, 'class_weight': 'balanced', 'ccp_alpha': 1.3051740605419093e-05, 'n_jobs': 10}	esm2-8m	0	20
-0.009389276779949466	0.5029515938606848	0.40953716690042075	0.4948575813309983	0.46496815286624205	0.3659147869674185	0.4842519244539921	146	280	253	168	rf	{'n_estimators': 171, 'max_depth': 24, 'min_samples_split': 3, 'min_samples_leaf': 2, 'max_features': 'log2', 'bootstrap': True, 'class_weight': 'balanced', 'ccp_alpha': 1.3051740605419093e-05, 'n_jobs': 10}	esm2-8m	1	20
0.0084541506559677	0.51357733175915	0.39589442815249265	0.500087987076964	0.47703180212014135	0.3383458646616541	0.5017622180451128	135	300	264	148	rf	{'n_estimators': 171, 'max_depth': 24, 'min_samples_split': 3, 'min_samples_leaf': 2, 'max_features': 'log2', 'bootstrap': True, 'class_weight': 'balanced', 'ccp_alpha': 1.3051740605419093e-05, 'n_jobs': 10}	esm2-8m	2	20
0.012441678731440572	0.5147579693034239	0.4069264069264069	0.5034469662568836	0.47959183673469385	0.3533834586466165	0.4860756802721088	141	295	258	153	rf	{'n_estimators': 171, 'max_depth': 24, 'min_samples_split': 3, 'min_samples_leaf': 2, 'max_features': 'log2', 'bootstrap': True, 'class_weight': 'balanced', 'ccp_alpha': 1.3051740605419093e-05, 'n_jobs': 10}	esm2-8m	3	20
-0.060455021387818476	0.4799054373522459	0.367816091954023	0.46865148701105874	0.42953020134228187	0.32160804020100503	0.4743752243359656	128	278	270	170	rf	{'n_estimators': 171, 'max_depth': 24, 'min_samples_split': 3, 'min_samples_leaf': 2, 'max_features': 'log2', 'bootstrap': True, 'class_weight': 'balanced', 'ccp_alpha': 1.3051740605419093e-05, 'n_jobs': 10}	esm2-8m	4	20
0.5904269916730981	0.7957497048406139	0.7708609271523179	0.7946629743984199	0.8151260504201681	0.7311557788944724	0.8934595024118366	291	383	107	66	knn	{'n_neighbors': 8, 'weights': 'uniform', 'algorithm': 'auto', 'leaf_size': 10, 'p': 1, 'metric': 'manhattan', 'metric_params': None, 'n_jobs': 10}	ecfp-8-1024	0	21
0.5614400128372714	0.781582054309327	0.7581699346405228	0.7807504074319638	0.7923497267759563	0.7268170426065163	0.8739007116004297	290	372	109	76	knn	{'n_neighbors': 8, 'weights': 'uniform', 'algorithm': 'auto', 'leaf_size': 10, 'p': 1, 'metric': 'manhattan', 'metric_params': None, 'n_jobs': 10}	ecfp-8-1024	1	21
0.5690170976107695	0.7851239669421488	0.7598944591029023	0.7840457828464544	0.8022284122562674	0.7218045112781954	0.8692993644826352	288	377	111	71	knn	{'n_neighbors': 8, 'weights': 'uniform', 'algorithm': 'auto', 'leaf_size': 10, 'p': 1, 'metric': 'manhattan', 'metric_params': None, 'n_jobs': 10}	ecfp-8-1024	2	21
0.626644672720847	0.8134592680047226	0.791005291005291	0.8124538660495241	0.8375350140056023	0.7493734335839599	0.9001074113856069	299	390	100	58	knn	{'n_neighbors': 8, 'weights': 'uniform', 'algorithm': 'auto', 'leaf_size': 10, 'p': 1, 'metric': 'manhattan', 'metric_params': None, 'n_jobs': 10}	ecfp-8-1024	3	21
0.5994677027698619	0.8002364066193853	0.7767503302509907	0.7992567734874415	0.8189415041782729	0.7386934673366834	0.8706170360732233	294	383	104	65	knn	{'n_neighbors': 8, 'weights': 'uniform', 'algorithm': 'auto', 'leaf_size': 10, 'p': 1, 'metric': 'manhattan', 'metric_params': None, 'n_jobs': 10}	ecfp-8-1024	4	21
0.6519928039490718	0.8240850059031877	0.8219832735961768	0.8241855555234765	0.7835990888382688	0.864321608040201	0.9062013855468881	344	354	54	95	rf	{'n_estimators': 214, 'max_depth': 35, 'min_samples_split': 9, 'min_samples_leaf': 7, 'max_features': 'log2', 'bootstrap': False, 'class_weight': 'balanced', 'ccp_alpha': 8.46429016175345e-06, 'n_jobs': 10}	ecfp-8-1024	0	22
0.6425420213725267	0.8193624557260921	0.8176400476758046	0.8194450507320123	0.7795454545454545	0.8596491228070176	0.9000850340136054	343	351	56	97	rf	{'n_estimators': 214, 'max_depth': 35, 'min_samples_split': 9, 'min_samples_leaf': 7, 'max_features': 'log2', 'bootstrap': False, 'class_weight': 'balanced', 'ccp_alpha': 8.46429016175345e-06, 'n_jobs': 10}	ecfp-8-1024	1	22
0.6203116159026405	0.8087367178276269	0.8057553956834532	0.8088615173592435	0.7724137931034483	0.8421052631578947	0.8821551646974579	336	349	63	99	rf	{'n_estimators': 214, 'max_depth': 35, 'min_samples_split': 9, 'min_samples_leaf': 7, 'max_features': 'log2', 'bootstrap': False, 'class_weight': 'balanced', 'ccp_alpha': 8.46429016175345e-06, 'n_jobs': 10}	ecfp-8-1024	2	22
0.649069234150443	0.8229043683589138	0.8205741626794258	0.8230075709414554	0.7848970251716247	0.8596491228070176	0.9065409058360187	343	354	56	94	rf	{'n_estimators': 214, 'max_depth': 35, 'min_samples_split': 9, 'min_samples_leaf': 7, 'max_features': 'log2', 'bootstrap': False, 'class_weight': 'balanced', 'ccp_alpha': 8.46429016175345e-06, 'n_jobs': 10}	ecfp-8-1024	3	22
0.6435410428030958	0.8203309692671394	0.8173076923076923	0.8204575250468372	0.783410138248848	0.8542713567839196	0.8888247038765256	340	354	58	94	rf	{'n_estimators': 214, 'max_depth': 35, 'min_samples_split': 9, 'min_samples_leaf': 7, 'max_features': 'log2', 'bootstrap': False, 'class_weight': 'balanced', 'ccp_alpha': 8.46429016175345e-06, 'n_jobs': 10}	ecfp-8-1024	4	22
0.6279345468592463	0.8122786304604487	0.8095808383233533	0.8124011146203399	0.7734553775743707	0.8492462311557789	0.8935322492193708	338	350	60	99	rf	{'n_estimators': 67, 'max_depth': 39, 'min_samples_split': 9, 'min_samples_leaf': 9, 'max_features': 'log2', 'bootstrap': False, 'class_weight': 'balanced', 'ccp_alpha': 1.0277792797563424e-07, 'n_jobs': 10}	ecfp-8-1024	0	23
0.6323213822179684	0.8146399055489965	0.8119760479041916	0.8147546467979578	0.7775229357798165	0.849624060150376	0.8943004833512352	339	351	60	97	rf	{'n_estimators': 67, 'max_depth': 39, 'min_samples_split': 9, 'min_samples_leaf': 9, 'max_features': 'log2', 'bootstrap': False, 'class_weight': 'balanced', 'ccp_alpha': 1.0277792797563424e-07, 'n_jobs': 10}	ecfp-8-1024	1	23
0.6171896445109352	0.8051948051948052	0.8065650644783119	0.8051051925187138	0.7577092511013216	0.8621553884711779	0.8780656999641963	344	338	55	110	rf	{'n_estimators': 67, 'max_depth': 39, 'min_samples_split': 9, 'min_samples_leaf': 9, 'max_features': 'log2', 'bootstrap': False, 'class_weight': 'balanced', 'ccp_alpha': 1.0277792797563424e-07, 'n_jobs': 10}	ecfp-8-1024	2	23
0.6306885565144963	0.8146399055489965	0.8096969696969697	0.8147934835328914	0.784037558685446	0.8370927318295739	0.89515641783029	334	356	65	92	rf	{'n_estimators': 67, 'max_depth': 39, 'min_samples_split': 9, 'min_samples_leaf': 9, 'max_features': 'log2', 'bootstrap': False, 'class_weight': 'balanced', 'ccp_alpha': 1.0277792797563424e-07, 'n_jobs': 10}	ecfp-8-1024	3	23
0.5998505953499534	0.7978723404255319	0.7961859356376639	0.7979573526246858	0.7573696145124716	0.8391959798994975	0.8776583811916726	334	341	64	107	rf	{'n_estimators': 67, 'max_depth': 39, 'min_samples_split': 9, 'min_samples_leaf': 9, 'max_features': 'log2', 'bootstrap': False, 'class_weight': 'balanced', 'ccp_alpha': 1.0277792797563424e-07, 'n_jobs': 10}	ecfp-8-1024	4	23
0.6688786831110674	0.8347107438016529	0.826302729528536	0.8348054286470709	0.8161764705882353	0.8366834170854272	0.9112880661660194	333	374	65	75	rf	{'n_estimators': 197, 'max_depth': 31, 'min_samples_split': 4, 'min_samples_leaf': 2, 'max_features': 'sqrt', 'bootstrap': True, 'class_weight': 'balanced', 'ccp_alpha': 3.632157163747716e-05, 'n_jobs': 10}	ecfp-8-1024	0	24
0.6483328155223209	0.8240850059031877	0.8171779141104294	0.8242185901585652	0.8004807692307693	0.8345864661654135	0.9054723863229504	333	365	66	83	rf	{'n_estimators': 197, 'max_depth': 31, 'min_samples_split': 4, 'min_samples_leaf': 2, 'max_features': 'sqrt', 'bootstrap': True, 'class_weight': 'balanced', 'ccp_alpha': 3.632157163747716e-05, 'n_jobs': 10}	ecfp-8-1024	1	24
0.6445957710735865	0.8217237308146399	0.8165249088699879	0.821872950732684	0.7924528301886793	0.8421052631578947	0.8900543770139633	336	360	63	88	rf	{'n_estimators': 197, 'max_depth': 31, 'min_samples_split': 4, 'min_samples_leaf': 2, 'max_features': 'sqrt', 'bootstrap': True, 'class_weight': 'balanced', 'ccp_alpha': 3.632157163747716e-05, 'n_jobs': 10}	ecfp-8-1024	2	24
0.6765105435688339	0.8382526564344747	0.8314883148831488	0.8383678268354618	0.8164251207729468	0.8471177944862155	0.9116261636233443	338	372	61	76	rf	{'n_estimators': 197, 'max_depth': 31, 'min_samples_split': 4, 'min_samples_leaf': 2, 'max_features': 'sqrt', 'bootstrap': True, 'class_weight': 'balanced', 'ccp_alpha': 3.632157163747716e-05, 'n_jobs': 10}	ecfp-8-1024	3	24
0.6377917666699957	0.817966903073286	0.8135593220338984	0.818119590638161	0.7850467289719626	0.8442211055276382	0.8983477656137832	336	356	62	92	rf	{'n_estimators': 197, 'max_depth': 31, 'min_samples_split': 4, 'min_samples_leaf': 2, 'max_features': 'sqrt', 'bootstrap': True, 'class_weight': 'balanced', 'ccp_alpha': 3.632157163747716e-05, 'n_jobs': 10}	ecfp-8-1024	4	24
0.6584658519502519	0.8288075560802833	0.8229548229548229	0.8289613993510098	0.8004750593824228	0.8467336683417085	0.9087307360857741	337	365	61	84	rf	{'n_estimators': 288, 'max_depth': 30, 'min_samples_split': 3, 'min_samples_leaf': 2, 'max_features': 'log2', 'bootstrap': True, 'class_weight': 'balanced', 'ccp_alpha': 8.608720039619682e-05, 'n_jobs': 10}	ecfp-8-1024	0	25
0.6476993410484762	0.8229043683589138	0.8188405797101449	0.8230451462566771	0.7902097902097902	0.849624060150376	0.9008402703186538	339	358	60	90	rf	{'n_estimators': 288, 'max_depth': 30, 'min_samples_split': 3, 'min_samples_leaf': 2, 'max_features': 'log2', 'bootstrap': True, 'class_weight': 'balanced', 'ccp_alpha': 8.608720039619682e-05, 'n_jobs': 10}	ecfp-8-1024	1	25
0.6524302127294411	0.8252656434474617	0.821256038647343	0.8254045443065882	0.7925407925407926	0.8521303258145363	0.8895117257429287	340	359	59	89	rf	{'n_estimators': 288, 'max_depth': 30, 'min_samples_split': 3, 'min_samples_leaf': 2, 'max_features': 'log2', 'bootstrap': True, 'class_weight': 'balanced', 'ccp_alpha': 8.608720039619682e-05, 'n_jobs': 10}	ecfp-8-1024	2	25
0.6535312587213947	0.8264462809917356	0.8205128205128205	0.8265886840432295	0.8	0.8421052631578947	0.9115478428213392	336	364	63	84	rf	{'n_estimators': 288, 'max_depth': 30, 'min_samples_split': 3, 'min_samples_leaf': 2, 'max_features': 'log2', 'bootstrap': True, 'class_weight': 'balanced', 'ccp_alpha': 8.608720039619682e-05, 'n_jobs': 10}	ecfp-8-1024	3	25
0.6139334385288497	0.8073286052009456	0.7975155279503106	0.8074281741922148	0.7886977886977887	0.8065326633165829	0.8928515344580044	321	362	77	86	rf	{'n_estimators': 288, 'max_depth': 30, 'min_samples_split': 3, 'min_samples_leaf': 2, 'max_features': 'log2', 'bootstrap': True, 'class_weight': 'balanced', 'ccp_alpha': 8.608720039619682e-05, 'n_jobs': 10}	ecfp-8-1024	4	25
0.6562353646927487	0.8276269185360094	0.8219512195121951	0.827782772971446	0.7985781990521327	0.8467336683417085	0.910784434421551	337	364	61	85	rf	{'n_estimators': 309, 'max_depth': 30, 'min_samples_split': 4, 'min_samples_leaf': 2, 'max_features': 'sqrt', 'bootstrap': True, 'class_weight': 'balanced', 'ccp_alpha': 8.003011977732564e-05, 'n_jobs': 10}	ecfp-8-1024	0	26
0.6452864175396682	0.8229043683589138	0.8143564356435643	0.8230008461547981	0.80440097799511	0.8245614035087719	0.9064290189760115	329	368	70	80	rf	{'n_estimators': 309, 'max_depth': 30, 'min_samples_split': 4, 'min_samples_leaf': 2, 'max_features': 'sqrt', 'bootstrap': True, 'class_weight': 'balanced', 'ccp_alpha': 8.003011977732564e-05, 'n_jobs': 10}	ecfp-8-1024	1	26
0.6555408980098653	0.8276269185360094	0.821078431372549	0.8277611699812741	0.8033573141486811	0.8395989974937343	0.891452962764053	335	366	64	82	rf	{'n_estimators': 309, 'max_depth': 30, 'min_samples_split': 4, 'min_samples_leaf': 2, 'max_features': 'sqrt', 'bootstrap': True, 'class_weight': 'balanced', 'ccp_alpha': 8.003011977732564e-05, 'n_jobs': 10}	ecfp-8-1024	2	26
0.664393104455782	0.8323494687131051	0.8246913580246914	0.8324534249667941	0.8126520681265207	0.8370927318295739	0.9134834854994629	334	371	65	77	rf	{'n_estimators': 309, 'max_depth': 30, 'min_samples_split': 4, 'min_samples_leaf': 2, 'max_features': 'sqrt', 'bootstrap': True, 'class_weight': 'balanced', 'ccp_alpha': 8.003011977732564e-05, 'n_jobs': 10}	ecfp-8-1024	3	26
0.6309847454350749	0.8156028368794326	0.8074074074074075	0.8157329230615282	0.7936893203883495	0.821608040201005	0.9007032932519742	327	363	71	85	rf	{'n_estimators': 309, 'max_depth': 30, 'min_samples_split': 4, 'min_samples_leaf': 2, 'max_features': 'sqrt', 'bootstrap': True, 'class_weight': 'balanced', 'ccp_alpha': 8.003011977732564e-05, 'n_jobs': 10}	ecfp-8-1024	4	26
0.6579621344772241	0.8288075560802833	0.8220858895705522	0.8289528480753743	0.8033573141486811	0.8417085427135679	0.9118420610849347	335	367	63	82	rf	{'n_estimators': 769, 'max_depth': 22, 'min_samples_split': 4, 'min_samples_leaf': 2, 'max_features': 'sqrt', 'bootstrap': True, 'class_weight': 'balanced', 'ccp_alpha': 6.730236139230592e-05, 'n_jobs': 10}	ecfp-8-1024	0	27
0.6577952448906582	0.8288075560802833	0.8220858895705522	0.8289375541811541	0.8052884615384616	0.8395989974937343	0.9049521124239169	335	367	64	81	rf	{'n_estimators': 769, 'max_depth': 22, 'min_samples_split': 4, 'min_samples_leaf': 2, 'max_features': 'sqrt', 'bootstrap': True, 'class_weight': 'balanced', 'ccp_alpha': 6.730236139230592e-05, 'n_jobs': 10}	ecfp-8-1024	1	27
0.6488006244604897	0.8240850059031877	0.818070818070818	0.8242293464111645	0.7976190476190477	0.8395989974937343	0.8898977354099535	335	363	64	85	rf	{'n_estimators': 769, 'max_depth': 22, 'min_samples_split': 4, 'min_samples_leaf': 2, 'max_features': 'sqrt', 'bootstrap': True, 'class_weight': 'balanced', 'ccp_alpha': 6.730236139230592e-05, 'n_jobs': 10}	ecfp-8-1024	2	27
0.671403724490319	0.8358913813459268	0.8281829419035847	0.8359871924576394	0.8170731707317073	0.8395989974937343	0.9143170426065163	335	373	64	75	rf	{'n_estimators': 769, 'max_depth': 22, 'min_samples_split': 4, 'min_samples_leaf': 2, 'max_features': 'sqrt', 'bootstrap': True, 'class_weight': 'balanced', 'ccp_alpha': 6.730236139230592e-05, 'n_jobs': 10}	ecfp-8-1024	3	27
0.6458655054116396	0.8226950354609929	0.8161764705882353	0.8228438611430194	0.7966507177033493	0.8366834170854272	0.898560884781048	333	363	65	85	rf	{'n_estimators': 769, 'max_depth': 22, 'min_samples_split': 4, 'min_samples_leaf': 2, 'max_features': 'sqrt', 'bootstrap': True, 'class_weight': 'balanced', 'ccp_alpha': 6.730236139230592e-05, 'n_jobs': 10}	ecfp-8-1024	4	27
0.6629380658026489	0.8311688311688312	0.824969400244798	0.8313172782035002	0.8042959427207638	0.8467336683417085	0.9124688028113843	337	367	61	82	rf	{'n_estimators': 974, 'max_depth': 21, 'min_samples_split': 4, 'min_samples_leaf': 2, 'max_features': 'sqrt', 'bootstrap': True, 'class_weight': 'balanced', 'ccp_alpha': 5.141457049805954e-05, 'n_jobs': 10}	ecfp-8-1024	0	28
0.6672576742589956	0.833530106257379	0.8269938650306748	0.833656518203743	0.8100961538461539	0.8446115288220551	0.9066080379520228	337	369	62	79	rf	{'n_estimators': 974, 'max_depth': 21, 'min_samples_split': 4, 'min_samples_leaf': 2, 'max_features': 'sqrt', 'bootstrap': True, 'class_weight': 'balanced', 'ccp_alpha': 5.141457049805954e-05, 'n_jobs': 10}	ecfp-8-1024	1	28
0.6515546531242353	0.8252656434474617	0.8199513381995134	0.8254119087295154	0.7966903073286052	0.8446115288220551	0.8895061313999284	337	362	62	86	rf	{'n_estimators': 974, 'max_depth': 21, 'min_samples_split': 4, 'min_samples_leaf': 2, 'max_features': 'sqrt', 'bootstrap': True, 'class_weight': 'balanced', 'ccp_alpha': 5.141457049805954e-05, 'n_jobs': 10}	ecfp-8-1024	2	28
0.6715838262581264	0.8358913813459268	0.8286066584463625	0.8359986309469395	0.8155339805825242	0.8421052631578947	0.9134107590404582	336	372	63	76	rf	{'n_estimators': 974, 'max_depth': 21, 'min_samples_split': 4, 'min_samples_leaf': 2, 'max_features': 'sqrt', 'bootstrap': True, 'class_weight': 'balanced', 'ccp_alpha': 5.141457049805954e-05, 'n_jobs': 10}	ecfp-8-1024	3	28
0.6316552773074148	0.8156028368794326	0.8088235294117647	0.8157576155887402	0.7894736842105263	0.8291457286432161	0.8990936826992102	330	360	68	88	rf	{'n_estimators': 974, 'max_depth': 21, 'min_samples_split': 4, 'min_samples_leaf': 2, 'max_features': 'sqrt', 'bootstrap': True, 'class_weight': 'balanced', 'ccp_alpha': 5.141457049805954e-05, 'n_jobs': 10}	ecfp-8-1024	4	28
-0.0036028201060988355	0.5029515938606848	0.4423841059602649	0.5003070070620509	0.4677871148459384	0.41959798994974873	0.48948249040301733	167	259	231	190	knn	{'n_neighbors': 7, 'weights': 'uniform', 'algorithm': 'kd_tree', 'leaf_size': 84, 'p': 1, 'metric': 'minkowski', 'metric_params': None, 'n_jobs': 10}	chemberta-2	0	29
0.014495753440038237	0.5100354191263282	0.4686299615877081	0.5092644522280187	0.4790575916230366	0.45864661654135336	0.5151606695309703	183	249	216	199	knn	{'n_neighbors': 7, 'weights': 'uniform', 'algorithm': 'kd_tree', 'leaf_size': 84, 'p': 1, 'metric': 'minkowski', 'metric_params': None, 'n_jobs': 10}	chemberta-2	1	29
0.00982883356153343	0.5088547815820543	0.45549738219895286	0.5069040809594464	0.4767123287671233	0.43609022556390975	0.5023580155746509	174	257	225	191	knn	{'n_neighbors': 7, 'weights': 'uniform', 'algorithm': 'kd_tree', 'leaf_size': 84, 'p': 1, 'metric': 'minkowski', 'metric_params': None, 'n_jobs': 10}	chemberta-2	2	29
-0.028224741258729945	0.4911452184179457	0.42456608811748997	0.4876929672171813	0.4542857142857143	0.39849624060150374	0.49289238721804507	159	257	240	191	knn	{'n_neighbors': 7, 'weights': 'uniform', 'algorithm': 'kd_tree', 'leaf_size': 84, 'p': 1, 'metric': 'minkowski', 'metric_params': None, 'n_jobs': 10}	chemberta-2	3	29
0.030320138116314118	0.5189125295508275	0.46797385620915033	0.5172090787702536	0.4877384196185286	0.44974874371859297	0.507770437006461	179	260	219	188	knn	{'n_neighbors': 7, 'weights': 'uniform', 'algorithm': 'kd_tree', 'leaf_size': 84, 'p': 1, 'metric': 'minkowski', 'metric_params': None, 'n_jobs': 10}	chemberta-2	4	29
-0.043632718845264366	0.48760330578512395	0.3817663817663818	0.47757440371076737	0.4407894736842105	0.33668341708542715	0.48283175342189794	134	279	264	170	rf	{'n_estimators': 987, 'max_depth': 20, 'min_samples_split': 4, 'min_samples_leaf': 3, 'max_features': 'sqrt', 'bootstrap': True, 'class_weight': 'balanced', 'ccp_alpha': 5.286566767763461e-05, 'n_jobs': 10}	esm2-8m	0	30
-0.032256972496739866	0.4911452184179457	0.40387275242047027	0.48440429673945895	0.4506172839506173	0.3659147869674185	0.4834239616899392	146	270	253	178	rf	{'n_estimators': 987, 'max_depth': 20, 'min_samples_split': 4, 'min_samples_leaf': 3, 'max_features': 'sqrt', 'bootstrap': True, 'class_weight': 'balanced', 'ccp_alpha': 5.286566767763461e-05, 'n_jobs': 10}	esm2-8m	1	30
0.03398892731324921	0.525383707201889	0.4139941690962099	0.5130070918568136	0.49477351916376305	0.3558897243107769	0.5094768170426065	142	303	257	145	rf	{'n_estimators': 987, 'max_depth': 20, 'min_samples_split': 4, 'min_samples_leaf': 3, 'max_features': 'sqrt', 'bootstrap': True, 'class_weight': 'balanced', 'ccp_alpha': 5.286566767763461e-05, 'n_jobs': 10}	esm2-8m	2	30
-0.0039335332266034785	0.5076741440377804	0.38945827232796487	0.49422723479284586	0.46830985915492956	0.3333333333333333	0.4974937343358396	133	297	266	151	rf	{'n_estimators': 987, 'max_depth': 20, 'min_samples_split': 4, 'min_samples_leaf': 3, 'max_features': 'sqrt', 'bootstrap': True, 'class_weight': 'balanced', 'ccp_alpha': 5.286566767763461e-05, 'n_jobs': 10}	esm2-8m	3	30
-0.042566636752812276	0.48817966903073284	0.3805436337625179	0.47766537354128996	0.4418604651162791	0.3341708542713568	0.4821989411342426	133	280	265	168	rf	{'n_estimators': 987, 'max_depth': 20, 'min_samples_split': 4, 'min_samples_leaf': 3, 'max_features': 'sqrt', 'bootstrap': True, 'class_weight': 'balanced', 'ccp_alpha': 5.286566767763461e-05, 'n_jobs': 10}	esm2-8m	4	30
-0.007619161144988794	0.5017709563164109	0.4327956989247312	0.4979954685433926	0.4653179190751445	0.4045226130653266	0.4884668330516726	161	264	237	185	lightgbm	{'n_estimators': 70, 'class_weight': 'balanced', 'num_leaves': 1010, 'max_depth': 10, 'subsample': 0.8844699942271923, 'colsample_bytree': 0.9946833989154713, 'min_split_gain': 0.0001253727450009183, 'reg_alpha': 3.3053618444979146e-07, 'learning_rate': 0.040610350381113366, 'verbose': -1, 'n_jobs': 10}	chemberta-2	0	31
0.02299944013983732	0.512396694214876	0.4894932014833127	0.5126813703957204	0.48292682926829267	0.49624060150375937	0.5033454171142141	198	236	201	212	lightgbm	{'n_estimators': 70, 'class_weight': 'balanced', 'num_leaves': 1010, 'max_depth': 10, 'subsample': 0.8844699942271923, 'colsample_bytree': 0.9946833989154713, 'min_split_gain': 0.0001253727450009183, 'reg_alpha': 3.3053618444979146e-07, 'learning_rate': 0.040610350381113366, 'verbose': -1, 'n_jobs': 10}	chemberta-2	1	31
0.010283235017240044	0.5076741440377804	0.46878980891719746	0.5071180424353958	0.47668393782383417	0.46115288220551376	0.4994797261009667	184	246	215	202	lightgbm	{'n_estimators': 70, 'class_weight': 'balanced', 'num_leaves': 1010, 'max_depth': 10, 'subsample': 0.8844699942271923, 'colsample_bytree': 0.9946833989154713, 'min_split_gain': 0.0001253727450009183, 'reg_alpha': 3.3053618444979146e-07, 'learning_rate': 0.040610350381113366, 'verbose': -1, 'n_jobs': 10}	chemberta-2	2	31
-0.02488555834827992	0.4887839433293979	0.462111801242236	0.4889939601962259	0.458128078817734	0.46616541353383456	0.48637777479412814	186	228	213	220	lightgbm	{'n_estimators': 70, 'class_weight': 'balanced', 'num_leaves': 1010, 'max_depth': 10, 'subsample': 0.8844699942271923, 'colsample_bytree': 0.9946833989154713, 'min_split_gain': 0.0001253727450009183, 'reg_alpha': 3.3053618444979146e-07, 'learning_rate': 0.040610350381113366, 'verbose': -1, 'n_jobs': 10}	chemberta-2	3	31
-0.01347953083673185	0.49645390070921985	0.45103092783505155	0.4954621327425349	0.46296296296296297	0.4396984924623116	0.49660691852117733	175	245	223	203	lightgbm	{'n_estimators': 70, 'class_weight': 'balanced', 'num_leaves': 1010, 'max_depth': 10, 'subsample': 0.8844699942271923, 'colsample_bytree': 0.9946833989154713, 'min_split_gain': 0.0001253727450009183, 'reg_alpha': 3.3053618444979146e-07, 'learning_rate': 0.040610350381113366, 'verbose': -1, 'n_jobs': 10}	chemberta-2	4	31
0.6679282857029663	0.833530106257379	0.8278388278388278	0.8336797055758094	0.8052256532066508	0.8517587939698492	0.9129276672896779	339	367	59	82	rf	{'n_estimators': 779, 'max_depth': 22, 'min_samples_split': 4, 'min_samples_leaf': 2, 'max_features': 'sqrt', 'bootstrap': True, 'class_weight': 'balanced', 'ccp_alpha': 8.869798177229966e-05, 'n_jobs': 10}	ecfp-8-1024	0	32
0.6623155535505977	0.8311688311688312	0.8241082410824109	0.831289045528986	0.8091787439613527	0.8395989974937343	0.9082471804511278	335	369	64	79	rf	{'n_estimators': 779, 'max_depth': 22, 'min_samples_split': 4, 'min_samples_leaf': 2, 'max_features': 'sqrt', 'bootstrap': True, 'class_weight': 'balanced', 'ccp_alpha': 8.869798177229966e-05, 'n_jobs': 10}	ecfp-8-1024	1	32
0.6395951973267111	0.8193624557260921	0.8136419001218027	0.8195131691039829	0.7914691943127962	0.8370927318295739	0.8905019244539921	334	360	65	88	rf	{'n_estimators': 779, 'max_depth': 22, 'min_samples_split': 4, 'min_samples_leaf': 2, 'max_features': 'sqrt', 'bootstrap': True, 'class_weight': 'balanced', 'ccp_alpha': 8.869798177229966e-05, 'n_jobs': 10}	ecfp-8-1024	2	32
0.6715838262581264	0.8358913813459268	0.8286066584463625	0.8359986309469395	0.8155339805825242	0.8421052631578947	0.9126779001074113	336	372	63	76	rf	{'n_estimators': 779, 'max_depth': 22, 'min_samples_split': 4, 'min_samples_leaf': 2, 'max_features': 'sqrt', 'bootstrap': True, 'class_weight': 'balanced', 'ccp_alpha': 8.869798177229966e-05, 'n_jobs': 10}	ecfp-8-1024	3	32
0.6551029840406477	0.8274231678486997	0.8206388206388207	0.8275622546935492	0.8028846153846154	0.8391959798994975	0.9001648869346733	334	366	64	82	rf	{'n_estimators': 779, 'max_depth': 22, 'min_samples_split': 4, 'min_samples_leaf': 2, 'max_features': 'sqrt', 'bootstrap': True, 'class_weight': 'balanced', 'ccp_alpha': 8.869798177229966e-05, 'n_jobs': 10}	ecfp-8-1024	4	32
0.6039699116025787	0.7981109799291618	0.8	0.7979781406154794	0.7483588621444202	0.8592964824120602	0.8744502020122886	342	334	56	115	rf	{'n_estimators': 948, 'max_depth': 6, 'min_samples_split': 3, 'min_samples_leaf': 2, 'max_features': 'sqrt', 'bootstrap': True, 'class_weight': 'balanced', 'ccp_alpha': 0.00013509748702992768, 'n_jobs': 10}	ecfp-8-1024	0	33
0.6041728505283599	0.7992916174734357	0.7995283018867925	0.7992776290329299	0.755011135857461	0.849624060150376	0.8807677676333692	339	338	60	110	rf	{'n_estimators': 948, 'max_depth': 6, 'min_samples_split': 3, 'min_samples_leaf': 2, 'max_features': 'sqrt', 'bootstrap': True, 'class_weight': 'balanced', 'ccp_alpha': 0.00013509748702992768, 'n_jobs': 10}	ecfp-8-1024	1	33
0.5740403818290508	0.7839433293978748	0.7849588719153937	0.7838794815290392	0.7389380530973452	0.8370927318295739	0.8507205513784462	334	330	65	118	rf	{'n_estimators': 948, 'max_depth': 6, 'min_samples_split': 3, 'min_samples_leaf': 2, 'max_features': 'sqrt', 'bootstrap': True, 'class_weight': 'balanced', 'ccp_alpha': 0.00013509748702992768, 'n_jobs': 10}	ecfp-8-1024	2	33
0.5972882320008104	0.7957497048406139	0.7962308598351001	0.7957206647166865	0.7511111111111111	0.8471177944862155	0.8859816953097028	338	336	61	112	rf	{'n_estimators': 948, 'max_depth': 6, 'min_samples_split': 3, 'min_samples_leaf': 2, 'max_features': 'sqrt', 'bootstrap': True, 'class_weight': 'balanced', 'ccp_alpha': 0.00013509748702992768, 'n_jobs': 10}	ecfp-8-1024	3	33
0.589476399856425	0.7919621749408984	0.7919621749408984	0.7919621749408984	0.7477678571428571	0.8417085427135679	0.8621175071787509	335	335	63	113	rf	{'n_estimators': 948, 'max_depth': 6, 'min_samples_split': 3, 'min_samples_leaf': 2, 'max_features': 'sqrt', 'bootstrap': True, 'class_weight': 'balanced', 'ccp_alpha': 0.00013509748702992768, 'n_jobs': 10}	ecfp-8-1024	4	33
0.6701626651097193	0.8347107438016529	0.8288508557457213	0.8348579099400438	0.8071428571428572	0.8517587939698492	0.9102136517778201	339	368	59	81	rf	{'n_estimators': 626, 'max_depth': 21, 'min_samples_split': 4, 'min_samples_leaf': 3, 'max_features': 'sqrt', 'bootstrap': True, 'class_weight': 'balanced', 'ccp_alpha': 1.0988198879137603e-10, 'n_jobs': 10}	ecfp-8-1024	0	34
0.6528522268717735	0.8264462809917356	0.8191881918819188	0.8265698579913352	0.8043478260869565	0.8345864661654135	0.9061996509129968	333	367	66	81	rf	{'n_estimators': 626, 'max_depth': 21, 'min_samples_split': 4, 'min_samples_leaf': 3, 'max_features': 'sqrt', 'bootstrap': True, 'class_weight': 'balanced', 'ccp_alpha': 1.0988198879137603e-10, 'n_jobs': 10}	ecfp-8-1024	1	34
0.6401496667721523	0.8193624557260921	0.8145454545454546	0.8195121208951107	0.7887323943661971	0.8421052631578947	0.8865075635517364	336	358	63	90	rf	{'n_estimators': 626, 'max_depth': 21, 'min_samples_split': 4, 'min_samples_leaf': 3, 'max_features': 'sqrt', 'bootstrap': True, 'class_weight': 'balanced', 'ccp_alpha': 1.0988198879137603e-10, 'n_jobs': 10}	ecfp-8-1024	2	34
0.6670472168900097	0.833530106257379	0.8265682656826568	0.8336486392978112	0.8115942028985508	0.8421052631578947	0.9123198621553885	336	370	63	78	rf	{'n_estimators': 626, 'max_depth': 21, 'min_samples_split': 4, 'min_samples_leaf': 3, 'max_features': 'sqrt', 'bootstrap': True, 'class_weight': 'balanced', 'ccp_alpha': 1.0988198879137603e-10, 'n_jobs': 10}	ecfp-8-1024	3	34
0.6316552773074148	0.8156028368794326	0.8088235294117647	0.8157576155887402	0.7894736842105263	0.8291457286432161	0.8989029971284996	330	360	68	88	rf	{'n_estimators': 626, 'max_depth': 21, 'min_samples_split': 4, 'min_samples_leaf': 3, 'max_features': 'sqrt', 'bootstrap': True, 'class_weight': 'balanced', 'ccp_alpha': 1.0988198879137603e-10, 'n_jobs': 10}	ecfp-8-1024	4	34
0.6392124476682951	0.8181818181818182	0.8149038461538461	0.8183187172456315	0.7811059907834101	0.8517587939698492	0.9061230428310819	339	354	59	95	rf	{'n_estimators': 709, 'max_depth': 13, 'min_samples_split': 5, 'min_samples_leaf': 2, 'max_features': 'sqrt', 'bootstrap': True, 'class_weight': 'balanced', 'ccp_alpha': 3.433549178606573e-05, 'n_jobs': 10}	ecfp-8-1024	0	35
0.6543413321586364	0.8264462809917356	0.8218181818181818	0.8265900769384397	0.795774647887324	0.849624060150376	0.9031898943788041	339	361	60	87	rf	{'n_estimators': 709, 'max_depth': 13, 'min_samples_split': 5, 'min_samples_leaf': 2, 'max_features': 'sqrt', 'bootstrap': True, 'class_weight': 'balanced', 'ccp_alpha': 3.433549178606573e-05, 'n_jobs': 10}	ecfp-8-1024	1	35
0.6472760885092299	0.8217237308146399	0.8200238379022646	0.8218052461472801	0.7818181818181819	0.8621553884711779	0.8850026852846402	344	352	55	96	rf	{'n_estimators': 709, 'max_depth': 13, 'min_samples_split': 5, 'min_samples_leaf': 2, 'max_features': 'sqrt', 'bootstrap': True, 'class_weight': 'balanced', 'ccp_alpha': 3.433549178606573e-05, 'n_jobs': 10}	ecfp-8-1024	2	35
0.6732635526739487	0.8358913813459268	0.8315151515151515	0.8360273516628783	0.8051643192488263	0.8596491228070176	0.9088569638381668	343	365	56	83	rf	{'n_estimators': 709, 'max_depth': 13, 'min_samples_split': 5, 'min_samples_leaf': 2, 'max_features': 'sqrt', 'bootstrap': True, 'class_weight': 'balanced', 'ccp_alpha': 3.433549178606573e-05, 'n_jobs': 10}	ecfp-8-1024	3	35
0.6406498947441651	0.8191489361702128	0.8154402895054282	0.8192907500055985	0.7842227378190255	0.8492462311557789	0.8947471733668342	338	355	60	93	rf	{'n_estimators': 709, 'max_depth': 13, 'min_samples_split': 5, 'min_samples_leaf': 2, 'max_features': 'sqrt', 'bootstrap': True, 'class_weight': 'balanced', 'ccp_alpha': 3.433549178606573e-05, 'n_jobs': 10}	ecfp-8-1024	4	35
0.6579621344772241	0.8288075560802833	0.8220858895705522	0.8289528480753743	0.8033573141486811	0.8417085427135679	0.910694899889201	335	367	63	82	rf	{'n_estimators': 434, 'max_depth': 24, 'min_samples_split': 3, 'min_samples_leaf': 3, 'max_features': 'sqrt', 'bootstrap': True, 'class_weight': 'balanced', 'ccp_alpha': 0.00022368854534852149, 'n_jobs': 10}	ecfp-8-1024	0	36
0.660271927990731	0.8299881936245572	0.8235294117647058	0.8301206060089277	0.8057553956834532	0.8421052631578947	0.9050192445399212	336	367	63	81	rf	{'n_estimators': 434, 'max_depth': 24, 'min_samples_split': 3, 'min_samples_leaf': 3, 'max_features': 'sqrt', 'bootstrap': True, 'class_weight': 'balanced', 'ccp_alpha': 0.00022368854534852149, 'n_jobs': 10}	ecfp-8-1024	1	36
0.6341602014483109	0.8158205430932703	0.8125	0.8159515157906847	0.7806004618937644	0.8471177944862155	0.8885550930898676	338	353	61	95	rf	{'n_estimators': 434, 'max_depth': 24, 'min_samples_split': 3, 'min_samples_leaf': 3, 'max_features': 'sqrt', 'bootstrap': True, 'class_weight': 'balanced', 'ccp_alpha': 0.00022368854534852149, 'n_jobs': 10}	ecfp-8-1024	2	36
0.6668516085212738	0.833530106257379	0.8261405672009864	0.8336388990181185	0.8131067961165048	0.8395989974937343	0.9105464554242749	335	371	64	77	rf	{'n_estimators': 434, 'max_depth': 24, 'min_samples_split': 3, 'min_samples_leaf': 3, 'max_features': 'sqrt', 'bootstrap': True, 'class_weight': 'balanced', 'ccp_alpha': 0.00022368854534852149, 'n_jobs': 10}	ecfp-8-1024	3	36
0.6603261558887134	0.8297872340425532	0.823960880195599	0.8299338928350395	0.8023809523809524	0.8467336683417085	0.8964745603015075	337	365	61	83	rf	{'n_estimators': 434, 'max_depth': 24, 'min_samples_split': 3, 'min_samples_leaf': 3, 'max_features': 'sqrt', 'bootstrap': True, 'class_weight': 'balanced', 'ccp_alpha': 0.00022368854534852149, 'n_jobs': 10}	ecfp-8-1024	4	36
0.6490458769789627	0.8229043683589138	0.8201438848920863	0.8230263432097737	0.7844036697247706	0.8592964824120602	0.9054291502053698	342	355	56	94	rf	{'n_estimators': 427, 'max_depth': 23, 'min_samples_split': 3, 'min_samples_leaf': 4, 'max_features': 'sqrt', 'bootstrap': True, 'class_weight': 'balanced', 'ccp_alpha': 0.00026135018203165243, 'n_jobs': 10}	ecfp-8-1024	0	37
0.6587871990757524	0.8288075560802833	0.8238153098420413	0.8289508467300607	0.7995283018867925	0.849624060150376	0.9034080737558181	339	363	60	85	rf	{'n_estimators': 427, 'max_depth': 23, 'min_samples_split': 3, 'min_samples_leaf': 4, 'max_features': 'sqrt', 'bootstrap': True, 'class_weight': 'balanced', 'ccp_alpha': 0.00026135018203165243, 'n_jobs': 10}	ecfp-8-1024	1	37
0.6323213822179684	0.8146399055489965	0.8119760479041916	0.8147546467979578	0.7775229357798165	0.849624060150376	0.8870110544217686	339	351	60	97	rf	{'n_estimators': 427, 'max_depth': 23, 'min_samples_split': 3, 'min_samples_leaf': 4, 'max_features': 'sqrt', 'bootstrap': True, 'class_weight': 'balanced', 'ccp_alpha': 0.00026135018203165243, 'n_jobs': 10}	ecfp-8-1024	2	37
0.6508098680289996	0.8252656434474617	0.8186274509803921	0.8254017339536203	0.8009592326139089	0.8370927318295739	0.9096177944862155	334	365	65	83	rf	{'n_estimators': 427, 'max_depth': 23, 'min_samples_split': 3, 'min_samples_leaf': 4, 'max_features': 'sqrt', 'bootstrap': True, 'class_weight': 'balanced', 'ccp_alpha': 0.00026135018203165243, 'n_jobs': 10}	ecfp-8-1024	3	37
0.6324527049113653	0.8156028368794326	0.8102189781021898	0.8157637338084077	0.785377358490566	0.8366834170854272	0.893429199569275	333	357	65	91	rf	{'n_estimators': 427, 'max_depth': 23, 'min_samples_split': 3, 'min_samples_leaf': 4, 'max_features': 'sqrt', 'bootstrap': True, 'class_weight': 'balanced', 'ccp_alpha': 0.00026135018203165243, 'n_jobs': 10}	ecfp-8-1024	4	37
0.017812984939638263	0.5088547815820543	0.49391727493917276	0.5093001659544337	0.47877358490566035	0.5100502512562815	0.504795693388994	203	228	195	221	lightgbm	{'n_estimators': 15, 'class_weight': 'balanced', 'num_leaves': 647, 'max_depth': 10, 'subsample': 0.7088685531126483, 'colsample_bytree': 0.319041501245081, 'min_split_gain': 3.255279985314856e-06, 'reg_alpha': 6.451902903624562e-09, 'learning_rate': 1.2187835762994865e-07, 'verbose': -1, 'n_jobs': 10}	esm2-8m	0	38
-0.024356902021023506	0.48760330578512395	0.4745762711864407	0.48802353270766213	0.45901639344262296	0.49122807017543857	0.4750044754744003	196	217	203	231	lightgbm	{'n_estimators': 15, 'class_weight': 'balanced', 'num_leaves': 647, 'max_depth': 10, 'subsample': 0.7088685531126483, 'colsample_bytree': 0.319041501245081, 'min_split_gain': 3.255279985314856e-06, 'reg_alpha': 6.451902903624562e-09, 'learning_rate': 1.2187835762994865e-07, 'verbose': -1, 'n_jobs': 10}	esm2-8m	1	38
-0.031289485110062146	0.4852420306965762	0.4617283950617284	0.48556122032057863	0.45498783454987834	0.46867167919799496	0.4902322771213749	187	224	212	224	lightgbm	{'n_estimators': 15, 'class_weight': 'balanced', 'num_leaves': 647, 'max_depth': 10, 'subsample': 0.7088685531126483, 'colsample_bytree': 0.319041501245081, 'min_split_gain': 3.255279985314856e-06, 'reg_alpha': 6.451902903624562e-09, 'learning_rate': 1.2187835762994865e-07, 'verbose': -1, 'n_jobs': 10}	esm2-8m	2	38
-0.017367110980598798	0.4935064935064935	0.45764854614412137	0.4932285249222891	0.461734693877551	0.45363408521303256	0.4863218313641246	181	237	218	211	lightgbm	{'n_estimators': 15, 'class_weight': 'balanced', 'num_leaves': 647, 'max_depth': 10, 'subsample': 0.7088685531126483, 'colsample_bytree': 0.319041501245081, 'min_split_gain': 3.255279985314856e-06, 'reg_alpha': 6.451902903624562e-09, 'learning_rate': 1.2187835762994865e-07, 'verbose': -1, 'n_jobs': 10}	esm2-8m	3	38
0.019532297240733507	0.5118203309692672	0.4778761061946903	0.5116319612424381	0.48091603053435117	0.4748743718592965	0.5127422828427854	189	244	209	204	lightgbm	{'n_estimators': 15, 'class_weight': 'balanced', 'num_leaves': 647, 'max_depth': 10, 'subsample': 0.7088685531126483, 'colsample_bytree': 0.319041501245081, 'min_split_gain': 3.255279985314856e-06, 'reg_alpha': 6.451902903624562e-09, 'learning_rate': 1.2187835762994865e-07, 'verbose': -1, 'n_jobs': 10}	esm2-8m	4	38
0.6549179708161816	0.8264462809917356	0.8222490931076178	0.8265963534535667	0.7925407925407926	0.8542713567839196	0.9108907566787166	340	360	58	89	rf	{'n_estimators': 999, 'max_depth': 18, 'min_samples_split': 5, 'min_samples_leaf': 3, 'max_features': 'sqrt', 'bootstrap': True, 'class_weight': 'balanced', 'ccp_alpha': 0.00022790115625375074, 'n_jobs': 10}	ecfp-8-1024	0	39
0.6585172068319757	0.8288075560802833	0.8233861144945189	0.8289503890201145	0.8009478672985783	0.8471177944862155	0.9042248478338704	338	364	61	84	rf	{'n_estimators': 999, 'max_depth': 18, 'min_samples_split': 5, 'min_samples_leaf': 3, 'max_features': 'sqrt', 'bootstrap': True, 'class_weight': 'balanced', 'ccp_alpha': 0.00022790115625375074, 'n_jobs': 10}	ecfp-8-1024	1	39
0.6524302127294411	0.8252656434474617	0.821256038647343	0.8254045443065882	0.7925407925407926	0.8521303258145363	0.8882641872538489	340	359	59	89	rf	{'n_estimators': 999, 'max_depth': 18, 'min_samples_split': 5, 'min_samples_leaf': 3, 'max_features': 'sqrt', 'bootstrap': True, 'class_weight': 'balanced', 'ccp_alpha': 0.00022790115625375074, 'n_jobs': 10}	ecfp-8-1024	2	39
0.6657460811264013	0.8323494687131051	0.8272506082725061	0.8324898043215618	0.8037825059101655	0.8521303258145363	0.9097856247762263	340	365	59	83	rf	{'n_estimators': 999, 'max_depth': 18, 'min_samples_split': 5, 'min_samples_leaf': 3, 'max_features': 'sqrt', 'bootstrap': True, 'class_weight': 'balanced', 'ccp_alpha': 0.00022790115625375074, 'n_jobs': 10}	ecfp-8-1024	3	39
0.639142804723547	0.8191489361702128	0.8131868131868132	0.8193060138662244	0.7909738717339667	0.8366834170854272	0.8970466170136396	333	360	65	88	rf	{'n_estimators': 999, 'max_depth': 18, 'min_samples_split': 5, 'min_samples_leaf': 3, 'max_features': 'sqrt', 'bootstrap': True, 'class_weight': 'balanced', 'ccp_alpha': 0.00022790115625375074, 'n_jobs': 10}	ecfp-8-1024	4	39
-0.03319049820962433	0.500590318772137	0.3076923076923077	0.46763913497733695	0.4413145539906103	0.23618090452261306	0.47112511331714246	94	330	304	119	knn	{'n_neighbors': 96, 'weights': 'distance', 'algorithm': 'auto', 'leaf_size': 44, 'p': 1, 'metric': 'manhattan', 'metric_params': None, 'n_jobs': 10}	chemberta-2	0	40
-0.05909288808768966	0.4852420306965762	0.32507739938080493	0.4620120460019223	0.4251012145748988	0.2631578947368421	0.4620367883995703	105	306	294	142	knn	{'n_neighbors': 96, 'weights': 'distance', 'algorithm': 'auto', 'leaf_size': 44, 'p': 1, 'metric': 'manhattan', 'metric_params': None, 'n_jobs': 10}	chemberta-2	1	40
-0.039966534593672054	0.4923258559622196	0.35240963855421686	0.47412316360040174	0.44150943396226416	0.2932330827067669	0.47339889903329757	117	300	282	148	knn	{'n_neighbors': 96, 'weights': 'distance', 'algorithm': 'auto', 'leaf_size': 44, 'p': 1, 'metric': 'manhattan', 'metric_params': None, 'n_jobs': 10}	chemberta-2	2	40
-0.09575975287312463	0.4734356552538371	0.26644736842105265	0.4372222349055599	0.3875598086124402	0.20300751879699247	0.449578186537773	81	320	318	128	knn	{'n_neighbors': 96, 'weights': 'distance', 'algorithm': 'auto', 'leaf_size': 44, 'p': 1, 'metric': 'manhattan', 'metric_params': None, 'n_jobs': 10}	chemberta-2	3	40
-0.037789517000451515	0.491725768321513	0.3713450292397661	0.47835013064576326	0.44405594405594406	0.31909547738693467	0.4600513729361091	127	289	271	159	knn	{'n_neighbors': 96, 'weights': 'distance', 'algorithm': 'auto', 'leaf_size': 44, 'p': 1, 'metric': 'manhattan', 'metric_params': None, 'n_jobs': 10}	chemberta-2	4	40
0.6218244913586359	0.8087367178276269	0.8071428571428572	0.8088188371134933	0.7669683257918553	0.8517587939698492	0.8969849246231156	339	346	59	103	lightgbm	{'n_estimators': 148, 'class_weight': 'balanced', 'num_leaves': 22, 'max_depth': 2, 'subsample': 0.9750075338745375, 'colsample_bytree': 0.48842390528202195, 'min_split_gain': 2.7440673268720835e-07, 'reg_alpha': 8.403128446304182e-06, 'learning_rate': 0.08758097360007326, 'verbose': -1, 'n_jobs': 10}	ecfp-8-1024	0	41
0.6028950833206831	0.7992916174734357	0.7980997624703088	0.7993531686707802	0.7584650112866818	0.8421052631578947	0.8859369405657	336	341	63	107	lightgbm	{'n_estimators': 148, 'class_weight': 'balanced', 'num_leaves': 22, 'max_depth': 2, 'subsample': 0.9750075338745375, 'colsample_bytree': 0.48842390528202195, 'min_split_gain': 2.7440673268720835e-07, 'reg_alpha': 8.403128446304182e-06, 'learning_rate': 0.08758097360007326, 'verbose': -1, 'n_jobs': 10}	ecfp-8-1024	1	41
0.6127804237614862	0.8040141676505312	0.8033175355450237	0.804051867740947	0.7617977528089888	0.849624060150376	0.8681637128535625	339	342	60	106	lightgbm	{'n_estimators': 148, 'class_weight': 'balanced', 'num_leaves': 22, 'max_depth': 2, 'subsample': 0.9750075338745375, 'colsample_bytree': 0.48842390528202195, 'min_split_gain': 2.7440673268720835e-07, 'reg_alpha': 8.403128446304182e-06, 'learning_rate': 0.08758097360007326, 'verbose': -1, 'n_jobs': 10}	ecfp-8-1024	2	41
0.6508942001024997	0.8240850059031877	0.8211284513805522	0.8242051910463842	0.7880184331797235	0.8571428571428571	0.8961466165413533	342	356	57	92	lightgbm	{'n_estimators': 148, 'class_weight': 'balanced', 'num_leaves': 22, 'max_depth': 2, 'subsample': 0.9750075338745375, 'colsample_bytree': 0.48842390528202195, 'min_split_gain': 2.7440673268720835e-07, 'reg_alpha': 8.403128446304182e-06, 'learning_rate': 0.08758097360007326, 'verbose': -1, 'n_jobs': 10}	ecfp-8-1024	3	41
0.6205459499136712	0.8073286052009456	0.807556080283353	0.807314875935617	0.7616926503340757	0.8592964824120602	0.8810626794687725	342	341	56	107	lightgbm	{'n_estimators': 148, 'class_weight': 'balanced', 'num_leaves': 22, 'max_depth': 2, 'subsample': 0.9750075338745375, 'colsample_bytree': 0.48842390528202195, 'min_split_gain': 2.7440673268720835e-07, 'reg_alpha': 8.403128446304182e-06, 'learning_rate': 0.08758097360007326, 'verbose': -1, 'n_jobs': 10}	ecfp-8-1024	4	41
0.6674255180668659	0.833530106257379	0.8269938650306748	0.833671390197433	0.8081534772182254	0.8467336683417085	0.9151772224149703	337	369	61	80	rf	{'n_estimators': 671, 'max_depth': 27, 'min_samples_split': 4, 'min_samples_leaf': 2, 'max_features': 'sqrt', 'bootstrap': True, 'class_weight': 'balanced', 'ccp_alpha': 4.4138194502882824e-05, 'n_jobs': 10}	ecfp-8-1024	0	42
0.6715838262581264	0.8358913813459268	0.8286066584463625	0.8359986309469395	0.8155339805825242	0.8421052631578947	0.9081800483351237	336	372	63	76	rf	{'n_estimators': 671, 'max_depth': 27, 'min_samples_split': 4, 'min_samples_leaf': 2, 'max_features': 'sqrt', 'bootstrap': True, 'class_weight': 'balanced', 'ccp_alpha': 4.4138194502882824e-05, 'n_jobs': 10}	ecfp-8-1024	1	42
0.6490562020793434	0.8240850059031877	0.8185140073081608	0.8242317790620488	0.7962085308056872	0.8421052631578947	0.8903788489079841	336	362	63	86	rf	{'n_estimators': 671, 'max_depth': 27, 'min_samples_split': 4, 'min_samples_leaf': 2, 'max_features': 'sqrt', 'bootstrap': True, 'class_weight': 'balanced', 'ccp_alpha': 4.4138194502882824e-05, 'n_jobs': 10}	ecfp-8-1024	2	42
0.6687945754942441	0.8347107438016529	0.826302729528536	0.8347864916779874	0.8181818181818182	0.8345864661654135	0.9110611349803078	333	374	66	74	rf	{'n_estimators': 671, 'max_depth': 27, 'min_samples_split': 4, 'min_samples_leaf': 2, 'max_features': 'sqrt', 'bootstrap': True, 'class_weight': 'balanced', 'ccp_alpha': 4.4138194502882824e-05, 'n_jobs': 10}	ecfp-8-1024	3	42
0.6431473150138609	0.8215130023640662	0.8142681426814268	0.821653119104231	0.7975903614457831	0.8316582914572864	0.8999349425699928	331	364	67	84	rf	{'n_estimators': 671, 'max_depth': 27, 'min_samples_split': 4, 'min_samples_leaf': 2, 'max_features': 'sqrt', 'bootstrap': True, 'class_weight': 'balanced', 'ccp_alpha': 4.4138194502882824e-05, 'n_jobs': 10}	ecfp-8-1024	4	42
0.6634708492145792	0.8311688311688312	0.8258221680876979	0.831321942940914	0.8014184397163121	0.8517587939698492	0.9122617542053251	339	365	59	84	rf	{'n_estimators': 749, 'max_depth': 27, 'min_samples_split': 3, 'min_samples_leaf': 3, 'max_features': 'sqrt', 'bootstrap': True, 'class_weight': 'balanced', 'ccp_alpha': 2.8258635066317025e-05, 'n_jobs': 10}	ecfp-8-1024	0	43
0.6485594995359244	0.8240850059031877	0.817625458996328	0.8242249504769966	0.7990430622009569	0.8370927318295739	0.90406261188686	334	364	65	84	rf	{'n_estimators': 749, 'max_depth': 27, 'min_samples_split': 3, 'min_samples_leaf': 3, 'max_features': 'sqrt', 'bootstrap': True, 'class_weight': 'balanced', 'ccp_alpha': 2.8258635066317025e-05, 'n_jobs': 10}	ecfp-8-1024	1	43
0.6451790726620695	0.8217237308146399	0.8174123337363967	0.8218679413282144	0.7897196261682243	0.8471177944862155	0.889299140708915	338	358	61	90	rf	{'n_estimators': 749, 'max_depth': 27, 'min_samples_split': 3, 'min_samples_leaf': 3, 'max_features': 'sqrt', 'bootstrap': True, 'class_weight': 'balanced', 'ccp_alpha': 2.8258635066317025e-05, 'n_jobs': 10}	ecfp-8-1024	2	43
0.6580212428978542	0.8288075560802833	0.8225214198286414	0.8289437437527819	0.8038277511961722	0.8421052631578947	0.9120904940923737	336	366	63	82	rf	{'n_estimators': 749, 'max_depth': 27, 'min_samples_split': 3, 'min_samples_leaf': 3, 'max_features': 'sqrt', 'bootstrap': True, 'class_weight': 'balanced', 'ccp_alpha': 2.8258635066317025e-05, 'n_jobs': 10}	ecfp-8-1024	3	43
0.639142804723547	0.8191489361702128	0.8131868131868132	0.8193060138662244	0.7909738717339667	0.8366834170854272	0.8945004038047379	333	360	65	88	rf	{'n_estimators': 749, 'max_depth': 27, 'min_samples_split': 3, 'min_samples_leaf': 3, 'max_features': 'sqrt', 'bootstrap': True, 'class_weight': 'balanced', 'ccp_alpha': 2.8258635066317025e-05, 'n_jobs': 10}	ecfp-8-1024	4	43
0.6546002203513515	0.8264462809917356	0.8218181818181818	0.8266007284900474	0.7939110070257611	0.8517587939698492	0.9141475752929459	339	361	59	88	rf	{'n_estimators': 473, 'max_depth': 24, 'min_samples_split': 5, 'min_samples_leaf': 2, 'max_features': 'sqrt', 'bootstrap': True, 'class_weight': 'balanced', 'ccp_alpha': 0.0002169571110276542, 'n_jobs': 10}	ecfp-8-1024	0	44
0.6625264595748269	0.8311688311688312	0.8245398773006135	0.8312970361924485	0.8076923076923077	0.8421052631578947	0.906015037593985	336	368	63	80	rf	{'n_estimators': 473, 'max_depth': 24, 'min_samples_split': 5, 'min_samples_leaf': 2, 'max_features': 'sqrt', 'bootstrap': True, 'class_weight': 'balanced', 'ccp_alpha': 0.0002169571110276542, 'n_jobs': 10}	ecfp-8-1024	1	44
0.6496107770298084	0.8240850059031877	0.8193939393939393	0.82423075825733	0.7934272300469484	0.8471177944862155	0.8888348102398854	338	360	61	88	rf	{'n_estimators': 473, 'max_depth': 24, 'min_samples_split': 5, 'min_samples_leaf': 2, 'max_features': 'sqrt', 'bootstrap': True, 'class_weight': 'balanced', 'ccp_alpha': 0.0002169571110276542, 'n_jobs': 10}	ecfp-8-1024	2	44
0.6719888889431643	0.8358913813459268	0.8294478527607362	0.8360160002150375	0.8125	0.8471177944862155	0.9130918814894379	338	370	61	78	rf	{'n_estimators': 473, 'max_depth': 24, 'min_samples_split': 5, 'min_samples_leaf': 2, 'max_features': 'sqrt', 'bootstrap': True, 'class_weight': 'balanced', 'ccp_alpha': 0.0002169571110276542, 'n_jobs': 10}	ecfp-8-1024	3	44
0.6344063400003854	0.8167848699763594	0.8107448107448108	0.8169440009755868	0.7885985748218527	0.8341708542713567	0.8962390075376886	332	359	66	89	rf	{'n_estimators': 473, 'max_depth': 24, 'min_samples_split': 5, 'min_samples_leaf': 2, 'max_features': 'sqrt', 'bootstrap': True, 'class_weight': 'balanced', 'ccp_alpha': 0.0002169571110276542, 'n_jobs': 10}	ecfp-8-1024	4	44
0.6414004786924593	0.8193624557260921	0.8158844765342961	0.8195035093433722	0.7829099307159353	0.8517587939698492	0.9046009557811328	339	355	59	94	rf	{'n_estimators': 714, 'max_depth': 15, 'min_samples_split': 4, 'min_samples_leaf': 5, 'max_features': 'sqrt', 'bootstrap': True, 'class_weight': 'balanced', 'ccp_alpha': 1.824246016794868e-05, 'n_jobs': 10}	ecfp-8-1024	0	45
0.6471014490312789	0.8229043683589138	0.8179611650485437	0.8230520962739363	0.7929411764705883	0.8446115288220551	0.9013773272466882	337	360	62	88	rf	{'n_estimators': 714, 'max_depth': 15, 'min_samples_split': 4, 'min_samples_leaf': 5, 'max_features': 'sqrt', 'bootstrap': True, 'class_weight': 'balanced', 'ccp_alpha': 1.824246016794868e-05, 'n_jobs': 10}	ecfp-8-1024	1	45
0.6348706001865638	0.8158205430932703	0.8133971291866029	0.8159278737791135	0.7780320366132724	0.8521303258145363	0.8836432599355533	340	351	59	97	rf	{'n_estimators': 714, 'max_depth': 15, 'min_samples_split': 4, 'min_samples_leaf': 5, 'max_features': 'sqrt', 'bootstrap': True, 'class_weight': 'balanced', 'ccp_alpha': 1.824246016794868e-05, 'n_jobs': 10}	ecfp-8-1024	2	45
0.6677231615041099	0.833530106257379	0.8278388278388278	0.8336666969394242	0.8071428571428572	0.849624060150376	0.9091814357321877	339	367	60	81	rf	{'n_estimators': 714, 'max_depth': 15, 'min_samples_split': 4, 'min_samples_leaf': 5, 'max_features': 'sqrt', 'bootstrap': True, 'class_weight': 'balanced', 'ccp_alpha': 1.824246016794868e-05, 'n_jobs': 10}	ecfp-8-1024	3	45
0.6346791785833276	0.8167848699763594	0.8112058465286236	0.8169450026815182	0.7872340425531915	0.8366834170854272	0.8927449748743718	333	358	65	90	rf	{'n_estimators': 714, 'max_depth': 15, 'min_samples_split': 4, 'min_samples_leaf': 5, 'max_features': 'sqrt', 'bootstrap': True, 'class_weight': 'balanced', 'ccp_alpha': 1.824246016794868e-05, 'n_jobs': 10}	ecfp-8-1024	4	45
0.6501864373434056	0.8240850059031877	0.8198307134220073	0.8242371201672207	0.7902097902097902	0.8517587939698492	0.9094749918859331	339	359	59	90	rf	{'n_estimators': 332, 'max_depth': 20, 'min_samples_split': 3, 'min_samples_leaf': 3, 'max_features': 'sqrt', 'bootstrap': True, 'class_weight': 'balanced', 'ccp_alpha': 1.928917389514719e-06, 'n_jobs': 10}	ecfp-8-1024	0	46
0.6555408980098653	0.8276269185360094	0.821078431372549	0.8277611699812741	0.8033573141486811	0.8395989974937343	0.9024850071607591	335	366	64	82	rf	{'n_estimators': 332, 'max_depth': 20, 'min_samples_split': 3, 'min_samples_leaf': 3, 'max_features': 'sqrt', 'bootstrap': True, 'class_weight': 'balanced', 'ccp_alpha': 1.928917389514719e-06, 'n_jobs': 10}	ecfp-8-1024	1	46
0.6521237972883982	0.8252656434474617	0.8208232445520581	0.825408946637636	0.7939110070257611	0.849624060150376	0.888717329036878	339	360	60	88	rf	{'n_estimators': 332, 'max_depth': 20, 'min_samples_split': 3, 'min_samples_leaf': 3, 'max_features': 'sqrt', 'bootstrap': True, 'class_weight': 'balanced', 'ccp_alpha': 1.928917389514719e-06, 'n_jobs': 10}	ecfp-8-1024	2	46
0.6555408980098653	0.8276269185360094	0.821078431372549	0.8277611699812741	0.8033573141486811	0.8395989974937343	0.9092429735051915	335	366	64	82	rf	{'n_estimators': 332, 'max_depth': 20, 'min_samples_split': 3, 'min_samples_leaf': 3, 'max_features': 'sqrt', 'bootstrap': True, 'class_weight': 'balanced', 'ccp_alpha': 1.928917389514719e-06, 'n_jobs': 10}	ecfp-8-1024	3	46
0.6466619799593004	0.8226950354609929	0.8175182481751825	0.8228497440465459	0.7924528301886793	0.8442211055276382	0.8959698043790381	336	360	62	88	rf	{'n_estimators': 332, 'max_depth': 20, 'min_samples_split': 3, 'min_samples_leaf': 3, 'max_features': 'sqrt', 'bootstrap': True, 'class_weight': 'balanced', 'ccp_alpha': 1.928917389514719e-06, 'n_jobs': 10}	ecfp-8-1024	4	46
0.6726595025793234	0.8358913813459268	0.8302808302808303	0.8360388586882095	0.8076009501187649	0.8542713567839196	0.9124072478203937	340	368	58	81	rf	{'n_estimators': 784, 'max_depth': 27, 'min_samples_split': 5, 'min_samples_leaf': 1, 'max_features': 'sqrt', 'bootstrap': True, 'class_weight': 'balanced', 'ccp_alpha': 3.5947336686845003e-06, 'n_jobs': 10}	ecfp-8-1024	0	47
0.6672576742589956	0.833530106257379	0.8269938650306748	0.833656518203743	0.8100961538461539	0.8446115288220551	0.9075814536340852	337	369	62	79	rf	{'n_estimators': 784, 'max_depth': 27, 'min_samples_split': 5, 'min_samples_leaf': 1, 'max_features': 'sqrt', 'bootstrap': True, 'class_weight': 'balanced', 'ccp_alpha': 3.5947336686845003e-06, 'n_jobs': 10}	ecfp-8-1024	1	47
0.6376404442786466	0.8181818181818182	0.8131067961165048	0.818333485507908	0.788235294117647	0.8395989974937343	0.8888571876118868	335	358	64	90	rf	{'n_estimators': 784, 'max_depth': 27, 'min_samples_split': 5, 'min_samples_leaf': 1, 'max_features': 'sqrt', 'bootstrap': True, 'class_weight': 'balanced', 'ccp_alpha': 3.5947336686845003e-06, 'n_jobs': 10}	ecfp-8-1024	2	47
0.6785907083244728	0.8394332939787486	0.8320987654320988	0.8395328577146759	0.8199513381995134	0.8446115288220551	0.9147534013605443	337	374	62	74	rf	{'n_estimators': 784, 'max_depth': 27, 'min_samples_split': 5, 'min_samples_leaf': 1, 'max_features': 'sqrt', 'bootstrap': True, 'class_weight': 'balanced', 'ccp_alpha': 3.5947336686845003e-06, 'n_jobs': 10}	ecfp-8-1024	3	47
0.6427311068545086	0.8215130023640662	0.8133498145859085	0.8216331851965872	0.8004866180048662	0.8266331658291457	0.8998395997846375	329	366	69	82	rf	{'n_estimators': 784, 'max_depth': 27, 'min_samples_split': 5, 'min_samples_leaf': 1, 'max_features': 'sqrt', 'bootstrap': True, 'class_weight': 'balanced', 'ccp_alpha': 3.5947336686845003e-06, 'n_jobs': 10}	ecfp-8-1024	4	47
0.6259101108694982	0.8122786304604487	0.8068043742405833	0.81244832611824	0.7811764705882352	0.8341708542713567	0.8848921668476011	332	356	66	93	knn	{'n_neighbors': 30, 'weights': 'uniform', 'algorithm': 'brute', 'leaf_size': 45, 'p': 2, 'metric': 'minkowski', 'metric_params': None, 'n_jobs': 10}	ecfp-8-1024	0	48
0.6057702214118384	0.8016528925619835	0.7980769230769231	0.8017939400822759	0.766743648960739	0.8320802005012531	0.8779230442176871	332	347	67	101	knn	{'n_neighbors': 30, 'weights': 'uniform', 'algorithm': 'brute', 'leaf_size': 45, 'p': 2, 'metric': 'minkowski', 'metric_params': None, 'n_jobs': 10}	ecfp-8-1024	1	48
0.5689762117090229	0.7827626918536009	0.7804295942720764	0.7828717151050741	0.744874715261959	0.8195488721804511	0.8641273943788041	327	336	72	112	knn	{'n_neighbors': 30, 'weights': 'uniform', 'algorithm': 'brute', 'leaf_size': 45, 'p': 2, 'metric': 'minkowski', 'metric_params': None, 'n_jobs': 10}	ecfp-8-1024	2	48
0.6410886445739653	0.8193624557260921	0.8158844765342961	0.8194954491366705	0.7847222222222222	0.849624060150376	0.8932990959541711	339	355	60	93	knn	{'n_neighbors': 30, 'weights': 'uniform', 'algorithm': 'brute', 'leaf_size': 45, 'p': 2, 'metric': 'minkowski', 'metric_params': None, 'n_jobs': 10}	ecfp-8-1024	3	48
0.5976822456308055	0.7966903073286052	0.7952380952380952	0.7967653041971291	0.755656108597285	0.8391959798994975	0.880743000717875	334	340	64	108	knn	{'n_neighbors': 30, 'weights': 'uniform', 'algorithm': 'brute', 'leaf_size': 45, 'p': 2, 'metric': 'minkowski', 'metric_params': None, 'n_jobs': 10}	ecfp-8-1024	4	48
-0.04206503575255786	0.4887839433293979	0.3787661406025825	0.4778594072512086	0.4414715719063545	0.3316582914572864	0.48847802486821634	132	282	266	167	rf	{'n_estimators': 772, 'max_depth': 28, 'min_samples_split': 8, 'min_samples_leaf': 1, 'max_features': 'sqrt', 'bootstrap': True, 'class_weight': 'balanced', 'ccp_alpha': 3.16190627061127e-06, 'n_jobs': 10}	esm2-8m	0	49
-0.01800227640828317	0.500590318772137	0.386066763425254	0.4881693560529228	0.4586206896551724	0.3333333333333333	0.5059355979233799	133	291	266	157	rf	{'n_estimators': 772, 'max_depth': 28, 'min_samples_split': 8, 'min_samples_leaf': 1, 'max_features': 'sqrt', 'bootstrap': True, 'class_weight': 'balanced', 'ccp_alpha': 3.16190627061127e-06, 'n_jobs': 10}	esm2-8m	1	49
0.004110823894232483	0.512396694214876	0.38266068759342303	0.49606894313763955	0.4740740740740741	0.3208020050125313	0.49843358395989973	128	306	271	142	rf	{'n_estimators': 772, 'max_depth': 28, 'min_samples_split': 8, 'min_samples_leaf': 1, 'max_features': 'sqrt', 'bootstrap': True, 'class_weight': 'balanced', 'ccp_alpha': 3.16190627061127e-06, 'n_jobs': 10}	esm2-8m	2	49
0.011045603442554935	0.5159386068476978	0.3825301204819277	0.49858255133991797	0.47924528301886793	0.3182957393483709	0.4992783297529538	127	310	272	138	rf	{'n_estimators': 772, 'max_depth': 28, 'min_samples_split': 8, 'min_samples_leaf': 1, 'max_features': 'sqrt', 'bootstrap': True, 'class_weight': 'balanced', 'ccp_alpha': 3.16190627061127e-06, 'n_jobs': 10}	esm2-8m	3	49
-0.003589272919096141	0.5070921985815603	0.4	0.49624333994892483	0.468013468013468	0.3492462311557789	0.4884523061737258	139	290	259	158	rf	{'n_estimators': 772, 'max_depth': 28, 'min_samples_split': 8, 'min_samples_leaf': 1, 'max_features': 'sqrt', 'bootstrap': True, 'class_weight': 'balanced', 'ccp_alpha': 3.16190627061127e-06, 'n_jobs': 10}	esm2-8m	4	49
0.613204430681753	0.8040141676505312	0.8033175355450237	0.8040535068753129	0.7600896860986547	0.8517587939698492	0.8891954203086703	339	342	59	107	lightgbm	{'n_estimators': 495, 'class_weight': 'balanced', 'num_leaves': 301, 'max_depth': 8, 'subsample': 0.6851942370241539, 'colsample_bytree': 0.988903326806383, 'min_split_gain': 1.5706715833149905e-10, 'reg_alpha': 1.2047666015009764e-08, 'learning_rate': 0.003512220538116705, 'verbose': -1, 'n_jobs': 10}	ecfp-8-1024	0	50
0.6448802219009804	0.8217237308146399	0.816969696969697	0.8218714395762204	0.7910798122065728	0.8446115288220551	0.8974389097744361	337	359	62	89	lightgbm	{'n_estimators': 495, 'class_weight': 'balanced', 'num_leaves': 301, 'max_depth': 8, 'subsample': 0.6851942370241539, 'colsample_bytree': 0.988903326806383, 'min_split_gain': 1.5706715833149905e-10, 'reg_alpha': 1.2047666015009764e-08, 'learning_rate': 0.003512220538116705, 'verbose': -1, 'n_jobs': 10}	ecfp-8-1024	1	50
0.6396034781745236	0.8181818181818182	0.8157894736842105	0.8182877728332274	0.7803203661327232	0.8546365914786967	0.8760125760830648	341	352	58	96	lightgbm	{'n_estimators': 495, 'class_weight': 'balanced', 'num_leaves': 301, 'max_depth': 8, 'subsample': 0.6851942370241539, 'colsample_bytree': 0.988903326806383, 'min_split_gain': 1.5706715833149905e-10, 'reg_alpha': 1.2047666015009764e-08, 'learning_rate': 0.003512220538116705, 'verbose': -1, 'n_jobs': 10}	ecfp-8-1024	2	50
0.6488006244604897	0.8240850059031877	0.818070818070818	0.8242293464111645	0.7976190476190477	0.8395989974937343	0.8994081185105621	335	363	64	85	lightgbm	{'n_estimators': 495, 'class_weight': 'balanced', 'num_leaves': 301, 'max_depth': 8, 'subsample': 0.6851942370241539, 'colsample_bytree': 0.988903326806383, 'min_split_gain': 1.5706715833149905e-10, 'reg_alpha': 1.2047666015009764e-08, 'learning_rate': 0.003512220538116705, 'verbose': -1, 'n_jobs': 10}	ecfp-8-1024	3	50
0.6407767842374912	0.817966903073286	0.8171021377672208	0.8180137021369084	0.7747747747747747	0.864321608040201	0.8876301148600143	344	348	54	100	lightgbm	{'n_estimators': 495, 'class_weight': 'balanced', 'num_leaves': 301, 'max_depth': 8, 'subsample': 0.6851942370241539, 'colsample_bytree': 0.988903326806383, 'min_split_gain': 1.5706715833149905e-10, 'reg_alpha': 1.2047666015009764e-08, 'learning_rate': 0.003512220538116705, 'verbose': -1, 'n_jobs': 10}	ecfp-8-1024	4	50
0.6495659314518275	0.8240850059031877	0.818955042527339	0.8242440288780993	0.7929411764705883	0.8467336683417085	0.9071303063200187	337	361	61	88	rf	{'n_estimators': 575, 'max_depth': 17, 'min_samples_split': 5, 'min_samples_leaf': 1, 'max_features': 'sqrt', 'bootstrap': True, 'class_weight': 'balanced', 'ccp_alpha': 1.6351061212236e-07, 'n_jobs': 10}	ecfp-8-1024	0	51
0.6568544315493032	0.8276269185360094	0.8232445520581114	0.8277682851965869	0.7962529274004684	0.8521303258145363	0.9072625760830648	340	361	59	87	rf	{'n_estimators': 575, 'max_depth': 17, 'min_samples_split': 5, 'min_samples_leaf': 1, 'max_features': 'sqrt', 'bootstrap': True, 'class_weight': 'balanced', 'ccp_alpha': 1.6351061212236e-07, 'n_jobs': 10}	ecfp-8-1024	1	51
0.6476993410484762	0.8229043683589138	0.8188405797101449	0.8230451462566771	0.7902097902097902	0.849624060150376	0.8886781686358753	339	358	60	90	rf	{'n_estimators': 575, 'max_depth': 17, 'min_samples_split': 5, 'min_samples_leaf': 1, 'max_features': 'sqrt', 'bootstrap': True, 'class_weight': 'balanced', 'ccp_alpha': 1.6351061212236e-07, 'n_jobs': 10}	ecfp-8-1024	2	51
0.6722138579407492	0.8358913813459268	0.8298653610771114	0.8360219336664599	0.8110047846889952	0.849624060150376	0.9127226548514142	339	369	60	79	rf	{'n_estimators': 575, 'max_depth': 17, 'min_samples_split': 5, 'min_samples_leaf': 1, 'max_features': 'sqrt', 'bootstrap': True, 'class_weight': 'balanced', 'ccp_alpha': 1.6351061212236e-07, 'n_jobs': 10}	ecfp-8-1024	3	51
0.6436209198340448	0.8215130023640662	0.8151774785801713	0.8216650549348796	0.7947494033412887	0.8366834170854272	0.8974167713567839	333	362	65	86	rf	{'n_estimators': 575, 'max_depth': 17, 'min_samples_split': 5, 'min_samples_leaf': 1, 'max_features': 'sqrt', 'bootstrap': True, 'class_weight': 'balanced', 'ccp_alpha': 1.6351061212236e-07, 'n_jobs': 10}	ecfp-8-1024	4	51
0.6483239451198992	0.8229043683589138	0.8192771084337349	0.8230471077541176	0.7870370370370371	0.8542713567839196	0.9061118510145382	340	357	58	92	rf	{'n_estimators': 477, 'max_depth': 23, 'min_samples_split': 4, 'min_samples_leaf': 4, 'max_features': 'sqrt', 'bootstrap': True, 'class_weight': 'balanced', 'ccp_alpha': 6.404647792033158e-05, 'n_jobs': 10}	ecfp-8-1024	0	52
0.6423709466549627	0.820543093270366	0.8155339805825242	0.8206927908909222	0.7905882352941176	0.8421052631578947	0.9040961779448621	336	359	63	89	rf	{'n_estimators': 477, 'max_depth': 23, 'min_samples_split': 4, 'min_samples_leaf': 4, 'max_features': 'sqrt', 'bootstrap': True, 'class_weight': 'balanced', 'ccp_alpha': 6.404647792033158e-05, 'n_jobs': 10}	ecfp-8-1024	1	52
0.6527512226240652	0.8252656434474617	0.8216867469879519	0.8253981951681842	0.7911832946635731	0.8546365914786967	0.8860935821697099	341	358	58	90	rf	{'n_estimators': 477, 'max_depth': 23, 'min_samples_split': 4, 'min_samples_leaf': 4, 'max_features': 'sqrt', 'bootstrap': True, 'class_weight': 'balanced', 'ccp_alpha': 6.404647792033158e-05, 'n_jobs': 10}	ecfp-8-1024	2	52
0.6587871990757524	0.8288075560802833	0.8238153098420413	0.8289508467300607	0.7995283018867925	0.849624060150376	0.9110387576083064	339	363	60	85	rf	{'n_estimators': 477, 'max_depth': 23, 'min_samples_split': 4, 'min_samples_leaf': 4, 'max_features': 'sqrt', 'bootstrap': True, 'class_weight': 'balanced', 'ccp_alpha': 6.404647792033158e-05, 'n_jobs': 10}	ecfp-8-1024	3	52
0.6416456243868222	0.8203309692671394	0.8146341463414634	0.8204877625586718	0.7914691943127962	0.8391959798994975	0.8952743628858577	334	360	64	88	rf	{'n_estimators': 477, 'max_depth': 23, 'min_samples_split': 4, 'min_samples_leaf': 4, 'max_features': 'sqrt', 'bootstrap': True, 'class_weight': 'balanced', 'ccp_alpha': 6.404647792033158e-05, 'n_jobs': 10}	ecfp-8-1024	4	52
0.5635786332552158	0.781582054309327	0.773561811505508	0.7817741011723603	0.7541766109785203	0.7939698492462312	0.8660283600631218	316	346	82	103	rf	{'n_estimators': 10, 'max_depth': 26, 'min_samples_split': 5, 'min_samples_leaf': 2, 'max_features': 'sqrt', 'bootstrap': True, 'class_weight': 'balanced', 'ccp_alpha': 0.0004645622150679688, 'n_jobs': 10}	ecfp-8-1024	0	53
0.5597465691501421	0.7804014167650531	0.7686567164179104	0.7804805945202024	0.762962962962963	0.7744360902255639	0.8610924633011099	309	352	90	96	rf	{'n_estimators': 10, 'max_depth': 26, 'min_samples_split': 5, 'min_samples_leaf': 2, 'max_features': 'sqrt', 'bootstrap': True, 'class_weight': 'balanced', 'ccp_alpha': 0.0004645622150679688, 'n_jobs': 10}	ecfp-8-1024	1	53
0.5228029995702297	0.7603305785123967	0.7557160048134778	0.7605070338218571	0.7268518518518519	0.7869674185463659	0.8463513694951665	314	330	85	118	rf	{'n_estimators': 10, 'max_depth': 26, 'min_samples_split': 5, 'min_samples_leaf': 2, 'max_features': 'sqrt', 'bootstrap': True, 'class_weight': 'balanced', 'ccp_alpha': 0.0004645622150679688, 'n_jobs': 10}	ecfp-8-1024	2	53
0.5567906325463982	0.7792207792207793	0.7647798742138365	0.7791725893264291	0.7676767676767676	0.7619047619047619	0.858860320443967	304	356	95	92	rf	{'n_estimators': 10, 'max_depth': 26, 'min_samples_split': 5, 'min_samples_leaf': 2, 'max_features': 'sqrt', 'bootstrap': True, 'class_weight': 'balanced', 'ccp_alpha': 0.0004645622150679688, 'n_jobs': 10}	ecfp-8-1024	3	53
0.539415201472661	0.7695035460992907	0.7613219094247246	0.7696999053794804	0.7422434367541766	0.7814070351758794	0.849593951902369	311	340	87	108	rf	{'n_estimators': 10, 'max_depth': 26, 'min_samples_split': 5, 'min_samples_leaf': 2, 'max_features': 'sqrt', 'bootstrap': True, 'class_weight': 'balanced', 'ccp_alpha': 0.0004645622150679688, 'n_jobs': 10}	ecfp-8-1024	4	53
0.6527164926881606	0.8252656434474617	0.821256038647343	0.8254138043638631	0.7906976744186046	0.8542713567839196	0.9025640451701715	340	359	58	90	rf	{'n_estimators': 761, 'max_depth': 21, 'min_samples_split': 20, 'min_samples_leaf': 5, 'max_features': 'sqrt', 'bootstrap': True, 'class_weight': 'balanced', 'ccp_alpha': 0.00013970439937852224, 'n_jobs': 10}	ecfp-8-1024	0	54
0.6401496667721523	0.8193624557260921	0.8145454545454546	0.8195121208951107	0.7887323943661971	0.8421052631578947	0.9015451575366988	336	358	63	90	rf	{'n_estimators': 761, 'max_depth': 21, 'min_samples_split': 20, 'min_samples_leaf': 5, 'max_features': 'sqrt', 'bootstrap': True, 'class_weight': 'balanced', 'ccp_alpha': 0.00013970439937852224, 'n_jobs': 10}	ecfp-8-1024	1	54
0.6392404868500511	0.8181818181818182	0.815347721822542	0.8183004547736018	0.7816091954022989	0.8521303258145363	0.8811593716433942	340	353	59	95	rf	{'n_estimators': 761, 'max_depth': 21, 'min_samples_split': 20, 'min_samples_leaf': 5, 'max_features': 'sqrt', 'bootstrap': True, 'class_weight': 'balanced', 'ccp_alpha': 0.00013970439937852224, 'n_jobs': 10}	ecfp-8-1024	2	54
0.6540567230750305	0.8264462809917356	0.8213851761846902	0.8265915480642684	0.7971698113207547	0.8471177944862155	0.9063506981740064	338	362	61	86	rf	{'n_estimators': 761, 'max_depth': 21, 'min_samples_split': 20, 'min_samples_leaf': 5, 'max_features': 'sqrt', 'bootstrap': True, 'class_weight': 'balanced', 'ccp_alpha': 0.00013970439937852224, 'n_jobs': 10}	ecfp-8-1024	3	54
0.6486157341698701	0.8238770685579196	0.818070818070818	0.8240300396474997	0.7957244655581948	0.8417085427135679	0.890473573223259	335	362	63	86	rf	{'n_estimators': 761, 'max_depth': 21, 'min_samples_split': 20, 'min_samples_leaf': 5, 'max_features': 'sqrt', 'bootstrap': True, 'class_weight': 'balanced', 'ccp_alpha': 0.00013970439937852224, 'n_jobs': 10}	ecfp-8-1024	4	54
0.6297472691615504	0.8134592680047226	0.8100961538461539	0.813599722888375	0.7764976958525346	0.8467336683417085	0.9043043726427237	337	352	61	97	rf	{'n_estimators': 554, 'max_depth': 28, 'min_samples_split': 6, 'min_samples_leaf': 3, 'max_features': 'sqrt', 'bootstrap': True, 'class_weight': 'balanced', 'ccp_alpha': 0.0008345029166377237, 'n_jobs': 10}	ecfp-8-1024	0	55
0.6404483328855508	0.8193624557260921	0.814993954050786	0.819508576312694	0.7873831775700935	0.8446115288220551	0.9024906015037595	337	357	62	91	rf	{'n_estimators': 554, 'max_depth': 28, 'min_samples_split': 6, 'min_samples_leaf': 3, 'max_features': 'sqrt', 'bootstrap': True, 'class_weight': 'balanced', 'ccp_alpha': 0.0008345029166377237, 'n_jobs': 10}	ecfp-8-1024	1	55
0.6338263638873904	0.8158205430932703	0.8120481927710843	0.8159602597718698	0.7819025522041764	0.8446115288220551	0.8833579484425349	337	354	62	94	rf	{'n_estimators': 554, 'max_depth': 28, 'min_samples_split': 6, 'min_samples_leaf': 3, 'max_features': 'sqrt', 'bootstrap': True, 'class_weight': 'balanced', 'ccp_alpha': 0.0008345029166377237, 'n_jobs': 10}	ecfp-8-1024	2	55
0.6543413321586364	0.8264462809917356	0.8218181818181818	0.8265900769384397	0.795774647887324	0.849624060150376	0.9069716702470462	339	361	60	87	rf	{'n_estimators': 554, 'max_depth': 28, 'min_samples_split': 6, 'min_samples_leaf': 3, 'max_features': 'sqrt', 'bootstrap': True, 'class_weight': 'balanced', 'ccp_alpha': 0.0008345029166377237, 'n_jobs': 10}	ecfp-8-1024	3	55
0.636392020008823	0.817966903073286	0.8112745098039216	0.8181196974401665	0.7918660287081339	0.8316582914572864	0.8913821338837042	331	361	67	87	rf	{'n_estimators': 554, 'max_depth': 28, 'min_samples_split': 6, 'min_samples_leaf': 3, 'max_features': 'sqrt', 'bootstrap': True, 'class_weight': 'balanced', 'ccp_alpha': 0.0008345029166377237, 'n_jobs': 10}	ecfp-8-1024	4	55
0.6505184961076074	0.8240850059031877	0.8202653799758746	0.8242307257362529	0.7888631090487239	0.8542713567839196	0.9066826336582691	340	358	58	91	rf	{'n_estimators': 404, 'max_depth': 24, 'min_samples_split': 7, 'min_samples_leaf': 5, 'max_features': 'sqrt', 'bootstrap': True, 'class_weight': 'balanced', 'ccp_alpha': 1.509492530582805e-05, 'n_jobs': 10}	ecfp-8-1024	0	56
0.6371002180114202	0.8181818181818182	0.8121951219512196	0.8183325130526113	0.7909738717339667	0.8345864661654135	0.903078007518797	333	360	66	88	rf	{'n_estimators': 404, 'max_depth': 24, 'min_samples_split': 7, 'min_samples_leaf': 5, 'max_features': 'sqrt', 'bootstrap': True, 'class_weight': 'balanced', 'ccp_alpha': 1.509492530582805e-05, 'n_jobs': 10}	ecfp-8-1024	1	56
0.6360302867664607	0.8170011806375442	0.8130277442702051	0.8171435812472408	0.7837209302325582	0.8446115288220551	0.8860544217687074	337	355	62	93	rf	{'n_estimators': 404, 'max_depth': 24, 'min_samples_split': 7, 'min_samples_leaf': 5, 'max_features': 'sqrt', 'bootstrap': True, 'class_weight': 'balanced', 'ccp_alpha': 1.509492530582805e-05, 'n_jobs': 10}	ecfp-8-1024	2	56
0.646078838048134	0.8229043683589138	0.8161764705882353	0.8230422979259664	0.7985611510791367	0.8345864661654135	0.9066360096670247	333	364	66	84	rf	{'n_estimators': 404, 'max_depth': 24, 'min_samples_split': 7, 'min_samples_leaf': 5, 'max_features': 'sqrt', 'bootstrap': True, 'class_weight': 'balanced', 'ccp_alpha': 1.509492530582805e-05, 'n_jobs': 10}	ecfp-8-1024	3	56
0.6486157341698701	0.8238770685579196	0.818070818070818	0.8240300396474997	0.7957244655581948	0.8417085427135679	0.8928851848528356	335	362	63	86	rf	{'n_estimators': 404, 'max_depth': 24, 'min_samples_split': 7, 'min_samples_leaf': 5, 'max_features': 'sqrt', 'bootstrap': True, 'class_weight': 'balanced', 'ccp_alpha': 1.509492530582805e-05, 'n_jobs': 10}	ecfp-8-1024	4	56
-0.014384205277704641	0.4982290436835891	0.43105756358768405	0.4947534338370217	0.46131805157593125	0.4045226130653266	0.4921769202359235	161	261	237	188	rf	{'n_estimators': 21, 'max_depth': 18, 'min_samples_split': 4, 'min_samples_leaf': 14, 'max_features': 'sqrt', 'bootstrap': True, 'class_weight': 'balanced', 'ccp_alpha': 0.0002841719346663948, 'n_jobs': 10}	chemberta-2	0	57
-0.05641376531962067	0.4757969303423849	0.421875	0.47404999955375465	0.43902439024390244	0.40601503759398494	0.4731695309702828	162	241	237	207	rf	{'n_estimators': 21, 'max_depth': 18, 'min_samples_split': 4, 'min_samples_leaf': 14, 'max_features': 'sqrt', 'bootstrap': True, 'class_weight': 'balanced', 'ccp_alpha': 0.0002841719346663948, 'n_jobs': 10}	chemberta-2	1	57
0.03350915361613175	0.5194805194805194	0.4788732394366197	0.5187244145947075	0.4895287958115183	0.46867167919799496	0.5123467150017902	187	253	212	195	rf	{'n_estimators': 21, 'max_depth': 18, 'min_samples_split': 4, 'min_samples_leaf': 14, 'max_features': 'sqrt', 'bootstrap': True, 'class_weight': 'balanced', 'ccp_alpha': 0.0002841719346663948, 'n_jobs': 10}	chemberta-2	2	57
-0.0453665613691098	0.4805194805194805	0.43444730077120824	0.47951353773021693	0.44591029023746703	0.42355889724310775	0.4708199069101324	169	238	230	210	rf	{'n_estimators': 21, 'max_depth': 18, 'min_samples_split': 4, 'min_samples_leaf': 14, 'max_features': 'sqrt', 'bootstrap': True, 'class_weight': 'balanced', 'ccp_alpha': 0.0002841719346663948, 'n_jobs': 10}	chemberta-2	3	57
0.012813167487799058	0.5070921985815603	0.48581997533908755	0.5074543817241677	0.47699757869249393	0.4949748743718593	0.5014694005743001	197	232	201	216	rf	{'n_estimators': 21, 'max_depth': 18, 'min_samples_split': 4, 'min_samples_leaf': 14, 'max_features': 'sqrt', 'bootstrap': True, 'class_weight': 'balanced', 'ccp_alpha': 0.0002841719346663948, 'n_jobs': 10}	chemberta-2	4	57
0.6542970955682933	0.8264462809917356	0.8213851761846902	0.8266031694300711	0.7952941176470588	0.8492462311557789	0.9087307360857741	338	362	60	87	rf	{'n_estimators': 865, 'max_depth': 32, 'min_samples_split': 5, 'min_samples_leaf': 4, 'max_features': 'sqrt', 'bootstrap': True, 'class_weight': 'balanced', 'ccp_alpha': 2.84596950390937e-05, 'n_jobs': 10}	ecfp-8-1024	0	58
0.6535312587213947	0.8264462809917356	0.8205128205128205	0.8265886840432295	0.8	0.8421052631578947	0.9055171410669531	336	364	63	84	rf	{'n_estimators': 865, 'max_depth': 32, 'min_samples_split': 5, 'min_samples_leaf': 4, 'max_features': 'sqrt', 'bootstrap': True, 'class_weight': 'balanced', 'ccp_alpha': 2.84596950390937e-05, 'n_jobs': 10}	ecfp-8-1024	1	58
0.645492346728192	0.8217237308146399	0.8178528347406514	0.8218624565698928	0.7883720930232558	0.849624060150376	0.8873970640887934	339	357	60	91	rf	{'n_estimators': 865, 'max_depth': 32, 'min_samples_split': 5, 'min_samples_leaf': 4, 'max_features': 'sqrt', 'bootstrap': True, 'class_weight': 'balanced', 'ccp_alpha': 2.84596950390937e-05, 'n_jobs': 10}	ecfp-8-1024	2	58
0.6540567230750305	0.8264462809917356	0.8213851761846902	0.8265915480642684	0.7971698113207547	0.8471177944862155	0.9091982187611887	338	362	61	86	rf	{'n_estimators': 865, 'max_depth': 32, 'min_samples_split': 5, 'min_samples_leaf': 4, 'max_features': 'sqrt', 'bootstrap': True, 'class_weight': 'balanced', 'ccp_alpha': 2.84596950390937e-05, 'n_jobs': 10}	ecfp-8-1024	3	58
0.6386400505432507	0.8191489361702128	0.8122699386503067	0.819297968043506	0.7937649880095923	0.8316582914572864	0.8944667534099067	331	362	67	86	rf	{'n_estimators': 865, 'max_depth': 32, 'min_samples_split': 5, 'min_samples_leaf': 4, 'max_features': 'sqrt', 'bootstrap': True, 'class_weight': 'balanced', 'ccp_alpha': 2.84596950390937e-05, 'n_jobs': 10}	ecfp-8-1024	4	58
0.6495659314518275	0.8240850059031877	0.818955042527339	0.8242440288780993	0.7929411764705883	0.8467336683417085	0.9097715750243422	337	361	61	88	rf	{'n_estimators': 580, 'max_depth': 26, 'min_samples_split': 6, 'min_samples_leaf': 2, 'max_features': 'sqrt', 'bootstrap': True, 'class_weight': 'balanced', 'ccp_alpha': 2.599030330340206e-06, 'n_jobs': 10}	ecfp-8-1024	0	59
0.6510436261040348	0.8252656434474617	0.8190709046454768	0.825407075840201	0.7995226730310262	0.8395989974937343	0.9046723952738991	335	364	64	84	rf	{'n_estimators': 580, 'max_depth': 26, 'min_samples_split': 6, 'min_samples_leaf': 2, 'max_features': 'sqrt', 'bootstrap': True, 'class_weight': 'balanced', 'ccp_alpha': 2.599030330340206e-06, 'n_jobs': 10}	ecfp-8-1024	1	59
0.6379318945056831	0.8181818181818182	0.8135593220338984	0.8183309309607835	0.7868852459016393	0.8421052631578947	0.888655791263874	336	357	63	91	rf	{'n_estimators': 580, 'max_depth': 26, 'min_samples_split': 6, 'min_samples_leaf': 2, 'max_features': 'sqrt', 'bootstrap': True, 'class_weight': 'balanced', 'ccp_alpha': 2.599030330340206e-06, 'n_jobs': 10}	ecfp-8-1024	2	59
0.6719888889431643	0.8358913813459268	0.8294478527607362	0.8360160002150375	0.8125	0.8471177944862155	0.9115702201933404	338	370	61	78	rf	{'n_estimators': 580, 'max_depth': 26, 'min_samples_split': 6, 'min_samples_leaf': 2, 'max_features': 'sqrt', 'bootstrap': True, 'class_weight': 'balanced', 'ccp_alpha': 2.599030330340206e-06, 'n_jobs': 10}	ecfp-8-1024	3	59
0.6526218331670567	0.8262411347517731	0.8191881918819188	0.8263775397902117	0.8024096385542169	0.8366834170854272	0.8996208722182341	333	366	65	82	rf	{'n_estimators': 580, 'max_depth': 26, 'min_samples_split': 6, 'min_samples_leaf': 2, 'max_features': 'sqrt', 'bootstrap': True, 'class_weight': 'balanced', 'ccp_alpha': 2.599030330340206e-06, 'n_jobs': 10}	ecfp-8-1024	4	59
0.6164721585122934	0.8087367178276269	0.7980049875311721	0.8088089043542849	0.7920792079207921	0.8040201005025126	0.8864702129802688	320	365	78	84	knn	{'n_neighbors': 31, 'weights': 'distance', 'algorithm': 'kd_tree', 'leaf_size': 10, 'p': 1, 'metric': 'minkowski', 'metric_params': None, 'n_jobs': 10}	ecfp-8-1024	0	60
0.6366167780864027	0.8181818181818182	0.8112745098039216	0.8183234258706589	0.7937649880095923	0.8295739348370927	0.8834978070175439	331	362	68	86	knn	{'n_neighbors': 31, 'weights': 'distance', 'algorithm': 'kd_tree', 'leaf_size': 10, 'p': 1, 'metric': 'minkowski', 'metric_params': None, 'n_jobs': 10}	ecfp-8-1024	1	60
0.6030665380786258	0.8016528925619835	0.7931034482758621	0.8017885980268424	0.7796610169491526	0.8070175438596491	0.8744125939849624	322	357	77	91	knn	{'n_neighbors': 31, 'weights': 'distance', 'algorithm': 'kd_tree', 'leaf_size': 10, 'p': 1, 'metric': 'minkowski', 'metric_params': None, 'n_jobs': 10}	ecfp-8-1024	2	60
0.6386572368535373	0.8193624557260921	0.8118081180811808	0.8194910766848591	0.7971014492753623	0.8270676691729323	0.908311515395632	330	364	69	84	knn	{'n_neighbors': 31, 'weights': 'distance', 'algorithm': 'kd_tree', 'leaf_size': 10, 'p': 1, 'metric': 'minkowski', 'metric_params': None, 'n_jobs': 10}	ecfp-8-1024	3	60
0.6099865014776757	0.8049645390070922	0.7970479704797048	0.8051176467032987	0.7807228915662651	0.8140703517587939	0.8843492013639627	324	357	74	91	knn	{'n_neighbors': 31, 'weights': 'distance', 'algorithm': 'kd_tree', 'leaf_size': 10, 'p': 1, 'metric': 'minkowski', 'metric_params': None, 'n_jobs': 10}	ecfp-8-1024	4	60
-0.028838118019828447	0.4946871310507674	0.3903133903133903	0.48479687739218535	0.4506578947368421	0.3442211055276382	0.49250707882396394	137	282	261	167	rf	{'n_estimators': 649, 'max_depth': 22, 'min_samples_split': 7, 'min_samples_leaf': 4, 'max_features': 'sqrt', 'bootstrap': True, 'class_weight': 'balanced', 'ccp_alpha': 5.856128934467158e-07, 'n_jobs': 10}	esm2-8m	0	61
-0.020242943621976858	0.4970484061393152	0.4099722991689751	0.4902399862527455	0.4582043343653251	0.37092731829573933	0.4902938148943788	148	273	251	175	rf	{'n_estimators': 649, 'max_depth': 22, 'min_samples_split': 7, 'min_samples_leaf': 4, 'max_features': 'sqrt', 'bootstrap': True, 'class_weight': 'balanced', 'ccp_alpha': 5.856128934467158e-07, 'n_jobs': 10}	esm2-8m	1	61
0.032079624090783215	0.5242030696576151	0.41678726483357453	0.5127439558827673	0.4931506849315068	0.3609022556390977	0.5119495166487648	144	300	255	148	rf	{'n_estimators': 649, 'max_depth': 22, 'min_samples_split': 7, 'min_samples_leaf': 4, 'max_features': 'sqrt', 'bootstrap': True, 'class_weight': 'balanced', 'ccp_alpha': 5.856128934467158e-07, 'n_jobs': 10}	esm2-8m	2	61
-0.030633412433676427	0.4946871310507674	0.37790697674418605	0.48191792928762234	0.44982698961937717	0.3258145363408521	0.4872728696741854	130	289	269	159	rf	{'n_estimators': 649, 'max_depth': 22, 'min_samples_split': 7, 'min_samples_leaf': 4, 'max_features': 'sqrt', 'bootstrap': True, 'class_weight': 'balanced', 'ccp_alpha': 5.856128934467158e-07, 'n_jobs': 10}	esm2-8m	3	61
-0.03261436785686027	0.491725768321513	0.39775910364145656	0.4838471727143917	0.44936708860759494	0.35678391959798994	0.4855359386216798	142	274	256	174	rf	{'n_estimators': 649, 'max_depth': 22, 'min_samples_split': 7, 'min_samples_leaf': 4, 'max_features': 'sqrt', 'bootstrap': True, 'class_weight': 'balanced', 'ccp_alpha': 5.856128934467158e-07, 'n_jobs': 10}	esm2-8m	4	61
0.6674255180668659	0.833530106257379	0.8269938650306748	0.833671390197433	0.8081534772182254	0.8467336683417085	0.9117469306443128	337	369	61	80	rf	{'n_estimators': 486, 'max_depth': 32, 'min_samples_split': 4, 'min_samples_leaf': 2, 'max_features': 'sqrt', 'bootstrap': True, 'class_weight': 'balanced', 'ccp_alpha': 5.1533265823803497e-05, 'n_jobs': 10}	ecfp-8-1024	0	62
0.6481205635323614	0.8240850059031877	0.8167281672816729	0.8242102642225098	0.8019323671497585	0.8320802005012531	0.9044877819548871	332	366	67	82	rf	{'n_estimators': 486, 'max_depth': 32, 'min_samples_split': 4, 'min_samples_leaf': 2, 'max_features': 'sqrt', 'bootstrap': True, 'class_weight': 'balanced', 'ccp_alpha': 5.1533265823803497e-05, 'n_jobs': 10}	ecfp-8-1024	1	62
0.6560224385267324	0.8276269185360094	0.8219512195121951	0.8277697851018262	0.8004750593824228	0.8446115288220551	0.8911228965270318	337	364	62	84	rf	{'n_estimators': 486, 'max_depth': 32, 'min_samples_split': 4, 'min_samples_leaf': 2, 'max_features': 'sqrt', 'bootstrap': True, 'class_weight': 'balanced', 'ccp_alpha': 5.1533265823803497e-05, 'n_jobs': 10}	ecfp-8-1024	2	62
0.668651400102662	0.8347107438016529	0.8258706467661692	0.8347703399614427	0.8197530864197531	0.8320802005012531	0.9124765037593985	332	375	67	73	rf	{'n_estimators': 486, 'max_depth': 32, 'min_samples_split': 4, 'min_samples_leaf': 2, 'max_features': 'sqrt', 'bootstrap': True, 'class_weight': 'balanced', 'ccp_alpha': 5.1533265823803497e-05, 'n_jobs': 10}	ecfp-8-1024	3	62
0.6328926533124016	0.8167848699763594	0.8074534161490683	0.8168795521459711	0.7985257985257985	0.8165829145728644	0.899385319454415	325	366	73	82	rf	{'n_estimators': 486, 'max_depth': 32, 'min_samples_split': 4, 'min_samples_leaf': 2, 'max_features': 'sqrt', 'bootstrap': True, 'class_weight': 'balanced', 'ccp_alpha': 5.1533265823803497e-05, 'n_jobs': 10}	ecfp-8-1024	4	62
